,Unnamed: 0,Date,Symbol,Open,High,Low,Close,Volume
0,0,2021-03-14 4:00:00,ZEC,154.67,154.87,143.38,144.22,3795.322736
1,1,2021-03-13 4:00:00,ZEC,141.56,160.0,139.44,154.67,5404.814604
2,2,2021-03-12 4:00:00,ZEC,155.17,156.93,137.55,141.56,3144.468726
3,3,2021-03-11 4:00:00,ZEC,143.67,156.28,143.67,155.17,2729.353019
4,4,2021-03-10 4:00:00,ZEC,132.37,145.0,131.38,143.67,7743.016624
5,5,2021-03-09 4:00:00,ZEC,132.4,139.56,130.18,132.37,3548.046441
6,6,2021-03-08 4:00:00,ZEC,129.42,133.97,124.62,132.4,2418.394207
7,7,2021-03-07 4:00:00,ZEC,126.08,132.86,124.11,129.42,2543.384763
8,8,2021-03-06 4:00:00,ZEC,121.35,127.55,119.06,126.08,1876.360275
9,9,2021-03-05 4:00:00,ZEC,117.67,124.55,114.47,121.35,2479.530583
10,10,2021-03-04 4:00:00,ZEC,125.08,125.08,112.94,117.67,1708.30368
11,11,2021-03-03 4:00:00,ZEC,122.56,131.35,122.56,125.08,5879.105089
12,12,2021-03-02 4:00:00,ZEC,121.7,126.82,116.51,122.56,3258.47006
13,13,2021-03-01 4:00:00,ZEC,113.29,126.71,110.5,121.7,3224.368731
14,14,2021-02-28 4:00:00,ZEC,114.54,117.05,104.39,113.29,6226.168264
15,15,2021-02-27 4:00:00,ZEC,122.62,125.48,114.1,114.54,3494.462068
16,16,2021-02-26 4:00:00,ZEC,121.23,125.24,113.28,122.62,3949.070948
17,17,2021-02-25 4:00:00,ZEC,132.27,135.0,116.23,121.23,3083.046339
18,18,2021-02-24 4:00:00,ZEC,131.5,136.86,124.69,132.27,7362.727064
19,19,2021-02-23 4:00:00,ZEC,136.03,137.48,108.57,131.5,13040.90558
20,20,2021-02-22 4:00:00,ZEC,153.47,157.81,122.0,136.03,14624.80458
21,21,2021-02-21 4:00:00,ZEC,164.96,167.68,152.42,153.47,6557.113861
22,22,2021-02-20 4:00:00,ZEC,176.58,182.13,156.25,164.96,9583.752507
23,23,2021-02-19 4:00:00,ZEC,168.05,189.99,167.03,176.58,11387.18754
24,24,2021-02-18 4:00:00,ZEC,164.14,179.0,162.35,168.05,3659.614428
25,25,2021-02-17 4:00:00,ZEC,154.24,173.2,147.34,164.14,11159.52306
26,26,2021-02-16 4:00:00,ZEC,162.5,167.75,149.0,154.24,6464.149799
27,27,2021-02-15 4:00:00,ZEC,145.04,179.1,137.95,162.5,10058.11905
28,28,2021-02-14 4:00:00,ZEC,169.78,176.92,125.0,145.04,15235.66609
29,29,2021-02-13 4:00:00,ZEC,147.46,192.14,146.29,169.78,14906.98018
30,30,2021-02-12 4:00:00,ZEC,144.92,149.93,132.05,147.46,7412.318618
31,31,2021-02-11 4:00:00,ZEC,117.29,150.0,117.29,144.92,8391.8665
32,32,2021-02-10 4:00:00,ZEC,112.6,121.57,106.4,117.29,6836.394751
33,33,2021-02-09 4:00:00,ZEC,103.94,114.0,100.11,112.6,8896.866758
34,34,2021-02-08 4:00:00,ZEC,92.57,105.0,92.16,103.94,7648.675867
35,35,2021-02-07 4:00:00,ZEC,93.12,94.71,89.06,92.57,1837.545405
36,36,2021-02-06 4:00:00,ZEC,97.13,98.89,91.81,93.12,3994.397581
37,37,2021-02-05 4:00:00,ZEC,90.74,97.39,90.45,97.13,7798.63367
38,38,2021-02-04 4:00:00,ZEC,92.11,92.11,89.03,90.74,4138.119591
39,39,2021-02-03 4:00:00,ZEC,95.57,97.11,92.11,92.11,3642.26904
40,40,2021-02-02 4:00:00,ZEC,91.55,96.31,89.62,95.57,6383.128959
41,41,2021-02-01 4:00:00,ZEC,87.18,93.24,84.25,91.55,4144.506745
42,42,2021-01-31 4:00:00,ZEC,86.34,88.2,82.41,87.18,3166.753712
43,43,2021-01-30 4:00:00,ZEC,83.24,87.47,83.0,86.34,4003.128648
44,44,2021-01-29 4:00:00,ZEC,84.43,90.82,82.34,83.24,9306.124645
45,45,2021-01-28 4:00:00,ZEC,80.43,89.0,80.43,84.43,3180.699443
46,46,2021-01-27 4:00:00,ZEC,86.08,86.43,77.0,80.43,8844.848331
47,47,2021-01-26 4:00:00,ZEC,86.97,90.0,83.61,86.08,5063.848522
48,48,2021-01-25 4:00:00,ZEC,90.74,96.38,86.5,86.97,9626.592749
49,49,2021-01-24 4:00:00,ZEC,88.39,92.3,86.8,90.74,8629.995179
50,50,2021-01-23 4:00:00,ZEC,87.03,90.34,83.8,88.39,20170.59995
51,51,2021-01-22 4:00:00,ZEC,83.47,91.46,81.86,87.03,8178.621067
52,52,2021-01-21 4:00:00,ZEC,95.36,95.36,77.0,83.47,17251.93817
53,53,2021-01-20 4:00:00,ZEC,98.81,100.8,90.5,95.36,8430.442751
54,54,2021-01-19 4:00:00,ZEC,103.63,112.56,98.81,98.81,8054.136959
55,55,2021-01-18 4:00:00,ZEC,101.45,105.54,100.02,103.63,7935.573098
56,56,2021-01-17 4:00:00,ZEC,106.22,107.65,98.0,101.45,12503.26054
57,57,2021-01-16 4:00:00,ZEC,104.34,113.61,102.08,106.22,7939.7908
58,58,2021-01-15 4:00:00,ZEC,109.17,115.0,94.9,104.34,11805.6009
59,59,2021-01-14 4:00:00,ZEC,115.15,115.15,107.97,109.17,1295.446299
60,60,2021-01-13 4:00:00,ZEC,98.67,120.0,98.64,115.15,24962.5177
61,61,2021-01-12 4:00:00,ZEC,93.89,105.68,88.39,98.67,32789.38968
62,62,2021-01-11 4:00:00,ZEC,84.48,108.56,77.59,93.89,43441.16022
63,63,2021-01-10 4:00:00,ZEC,81.35,98.98,76.55,84.48,47983.00777
64,64,2021-01-09 4:00:00,ZEC,68.21,83.41,66.13,81.35,24435.36846
65,65,2021-01-08 4:00:00,ZEC,65.22,71.63,63.5,68.21,20268.56583
66,66,2021-01-07 4:00:00,ZEC,68.09,68.09,61.42,65.22,4310.665854
67,67,2021-01-06 4:00:00,ZEC,60.15,70.37,59.91,68.09,31599.7001
68,68,2021-01-05 4:00:00,ZEC,58.78,60.85,58.08,60.15,9352.936044
69,69,2021-01-04 4:00:00,ZEC,62.9,65.52,56.53,58.78,11477.83991
70,70,2021-01-03 4:00:00,ZEC,57.59,63.09,56.01,62.9,13380.29365
71,71,2021-01-02 4:00:00,ZEC,57.69,60.13,56.03,57.59,13577.1038
72,72,2021-01-01 4:00:00,ZEC,65.88,67.46,54.64,57.69,22315.60801
73,73,2020-12-31 4:00:00,ZEC,63.38,66.36,61.42,65.88,5895.447415
74,74,2020-12-30 4:00:00,ZEC,64.45,65.01,62.29,63.38,3751.258723
75,75,2020-12-29 4:00:00,ZEC,65.42,66.25,61.24,64.45,5597.365699
76,76,2020-12-28 4:00:00,ZEC,67.94,71.01,65.42,65.42,5950.516635
77,77,2020-12-27 4:00:00,ZEC,67.45,71.3,62.24,67.94,7100.26271
78,78,2020-12-26 4:00:00,ZEC,66.31,70.0,63.84,67.45,4726.696283
79,79,2020-12-25 4:00:00,ZEC,60.39,66.99,60.3,66.31,5921.17747
80,80,2020-12-24 4:00:00,ZEC,55.99,63.0,55.0,60.39,4546.805227
81,81,2020-12-23 4:00:00,ZEC,67.2,67.2,47.86,55.99,9856.199994
82,82,2020-12-22 4:00:00,ZEC,67.06,68.85,63.84,67.2,5175.773888
83,83,2020-12-21 4:00:00,ZEC,75.93,77.5,66.11,67.06,9227.418759
84,84,2020-12-20 4:00:00,ZEC,72.16,77.82,72.0,75.93,3741.238539
85,85,2020-12-19 4:00:00,ZEC,74.15,76.5,72.16,72.16,3622.286006
86,86,2020-12-18 4:00:00,ZEC,74.43,76.18,72.3,74.15,2998.783262
87,87,2020-12-17 4:00:00,ZEC,73.42,76.0,72.62,74.43,888.915997
88,88,2020-12-16 4:00:00,ZEC,67.6,74.63,67.34,73.42,6016.738814
89,89,2020-12-15 4:00:00,ZEC,68.54,68.66,66.36,67.6,2768.947106
90,90,2020-12-14 4:00:00,ZEC,67.84,69.69,66.25,68.54,4528.675505
91,91,2020-12-13 4:00:00,ZEC,65.24,69.09,65.24,67.84,6675.858154
92,92,2020-12-12 4:00:00,ZEC,65.92,66.84,64.53,65.24,4397.941982
93,93,2020-12-11 4:00:00,ZEC,64.08,65.99,62.84,65.92,4242.051899
94,94,2020-12-10 4:00:00,ZEC,69.0,69.0,64.08,64.08,121.880941
95,95,2020-12-09 4:00:00,ZEC,69.88,70.92,66.35,69.0,3594.407612
96,96,2020-12-08 4:00:00,ZEC,74.1,75.03,68.75,69.88,3536.721931
97,97,2020-12-07 4:00:00,ZEC,74.75,76.68,73.72,74.1,2541.206112
98,98,2020-12-06 4:00:00,ZEC,72.32,76.59,70.76,74.75,1745.933296
99,99,2020-12-05 4:00:00,ZEC,71.13,72.92,70.39,72.32,1982.964642
100,100,2020-12-04 4:00:00,ZEC,74.07,74.07,69.03,71.13,148.0528029
101,101,2020-12-03 4:00:00,ZEC,76.3,76.97,74.04,74.07,5933.228168
102,102,2020-12-02 4:00:00,ZEC,74.31,77.21,73.62,76.3,3372.455393
103,103,2020-12-01 4:00:00,ZEC,79.7,82.24,71.84,74.31,7721.026123
104,104,2020-11-30 4:00:00,ZEC,76.64,81.24,74.01,79.7,5820.93346
105,105,2020-11-29 4:00:00,ZEC,75.6,77.99,72.22,76.64,1983.281472
106,106,2020-11-28 4:00:00,ZEC,71.21,77.0,68.92,75.6,3445.612436
107,107,2020-11-27 4:00:00,ZEC,70.16,72.21,66.17,71.21,2846.852159
108,108,2020-11-26 4:00:00,ZEC,72.55,74.34,63.5,70.16,7469.928522
109,109,2020-11-25 4:00:00,ZEC,79.95,86.92,70.54,72.55,10641.07193
110,110,2020-11-24 4:00:00,ZEC,80.12,89.76,76.66,79.95,12374.83229
111,111,2020-11-23 4:00:00,ZEC,69.75,81.53,69.71,80.12,12158.86473
112,112,2020-11-22 4:00:00,ZEC,70.2,72.5,66.17,69.75,2650.516158
113,113,2020-11-21 4:00:00,ZEC,63.71,74.49,63.11,70.2,5189.159725
114,114,2020-11-20 4:00:00,ZEC,63.67,65.7,62.56,63.71,4060.153766
115,115,2020-11-19 4:00:00,ZEC,61.99,63.89,61.99,63.67,426.3705964
116,116,2020-11-18 4:00:00,ZEC,65.19,66.7,60.8,61.99,5798.105985
117,117,2020-11-17 4:00:00,ZEC,64.79,67.77,64.52,65.19,4636.768415
118,118,2020-11-16 4:00:00,ZEC,62.63,67.56,62.58,64.79,6214.203191
119,119,2020-11-15 4:00:00,ZEC,63.0,64.63,60.46,62.63,2214.390574
120,120,2020-11-14 4:00:00,ZEC,64.66,66.41,61.95,63.0,1724.135842
121,121,2020-11-13 4:00:00,ZEC,63.18,67.0,62.08,64.66,5567.925795
122,122,2020-11-12 4:00:00,ZEC,63.27,64.0,62.59,63.18,1602.088744
123,123,2020-11-11 4:00:00,ZEC,60.22,66.0,58.32,63.27,7131.653075
124,124,2020-11-10 4:00:00,ZEC,61.03,62.59,58.84,60.22,1936.540478
125,125,2020-11-09 4:00:00,ZEC,60.73,61.47,56.89,61.03,3404.800249
126,126,2020-11-08 4:00:00,ZEC,57.86,62.0,57.43,60.73,1055.148497
127,127,2020-11-07 4:00:00,ZEC,61.18,62.92,55.94,57.86,2631.070754
128,128,2020-11-06 4:00:00,ZEC,57.22,62.93,56.86,61.18,6426.646049
129,129,2020-11-05 4:00:00,ZEC,54.39,58.42,52.95,57.22,3594.066868
130,130,2020-11-04 4:00:00,ZEC,53.05,54.65,52.16,54.39,599.9889136
131,131,2020-11-03 4:00:00,ZEC,52.0,53.64,51.79,53.05,3468.320076
132,132,2020-11-02 4:00:00,ZEC,57.57,58.22,51.75,52.0,4642.768191
133,133,2020-11-01 4:00:00,ZEC,57.98,59.01,57.23,57.57,1492.39878
134,134,2020-10-31 4:00:00,ZEC,57.82,59.42,57.27,57.98,1273.657056
135,135,2020-10-30 4:00:00,ZEC,56.89,59.99,54.19,57.82,4289.965514
136,136,2020-10-29 4:00:00,ZEC,57.6,59.0,54.68,56.89,3834.958769
137,137,2020-10-28 4:00:00,ZEC,61.19,61.19,55.13,57.6,6895.084067
138,138,2020-10-27 4:00:00,ZEC,61.07,62.0,60.03,61.19,2093.555082
139,139,2020-10-26 4:00:00,ZEC,63.38,63.46,58.52,61.07,4847.252844
140,140,2020-10-25 4:00:00,ZEC,64.98,64.98,62.0,63.38,1352.41544
141,141,2020-10-24 4:00:00,ZEC,62.77,65.73,62.77,64.98,881.6362928
142,142,2020-10-23 4:00:00,ZEC,64.23,65.32,61.54,62.77,2844.652754
143,143,2020-10-22 4:00:00,ZEC,63.15,67.0,62.9,64.23,3189.130116
144,144,2020-10-21 4:00:00,ZEC,61.0,64.99,60.72,63.15,6007.078979
145,145,2020-10-20 4:00:00,ZEC,64.42,64.82,56.58,61.0,3440.992134
146,146,2020-10-19 4:00:00,ZEC,63.08,65.29,62.29,64.42,1462.770076
147,147,2020-10-18 4:00:00,ZEC,62.45,64.45,62.45,63.08,793.2983294
148,148,2020-10-17 4:00:00,ZEC,62.93,63.26,61.37,62.45,795.151518
149,149,2020-10-16 4:00:00,ZEC,68.94,68.94,61.0,62.93,4166.464676
150,150,2020-10-15 4:00:00,ZEC,66.99,69.57,65.27,68.94,3890.99255
151,151,2020-10-14 4:00:00,ZEC,70.01,70.87,66.99,66.99,1546.963881
152,152,2020-10-13 4:00:00,ZEC,72.31,72.89,68.66,70.01,2963.908169
153,153,2020-10-12 4:00:00,ZEC,73.7,75.56,70.76,72.31,3937.443363
154,154,2020-10-11 4:00:00,ZEC,67.59,74.73,67.04,73.7,6376.837285
155,155,2020-10-10 4:00:00,ZEC,64.89,68.92,64.0,67.59,3144.029189
156,156,2020-10-09 4:00:00,ZEC,61.22,65.67,60.39,64.89,1820.812636
157,157,2020-10-08 4:00:00,ZEC,60.85,62.12,60.85,61.22,133.565435
158,158,2020-10-07 4:00:00,ZEC,60.76,62.31,59.8,60.85,2631.044369
159,159,2020-10-06 4:00:00,ZEC,65.47,66.14,59.59,60.76,1824.00799
160,160,2020-10-05 4:00:00,ZEC,62.69,66.12,62.12,65.47,1945.828675
161,161,2020-10-04 4:00:00,ZEC,59.83,63.53,59.83,62.69,1664.008373
162,162,2020-10-03 4:00:00,ZEC,63.65,63.76,59.24,59.83,1463.147756
163,163,2020-10-02 4:00:00,ZEC,64.7,66.64,59.0,63.65,6800.916598
164,164,2020-10-01 4:00:00,ZEC,65.93,65.93,63.75,64.7,499.9681069
165,165,2020-09-30 4:00:00,ZEC,60.76,66.15,59.51,65.93,6891.743307
166,166,2020-09-29 4:00:00,ZEC,57.17,62.07,56.47,60.76,5327.763825
167,167,2020-09-28 4:00:00,ZEC,56.76,59.16,55.94,57.17,2802.918109
168,168,2020-09-27 4:00:00,ZEC,56.38,57.42,53.94,56.76,1003.73051
169,169,2020-09-26 4:00:00,ZEC,54.77,56.77,54.19,56.38,763.8784169
170,170,2020-09-25 4:00:00,ZEC,54.28,55.9,53.84,54.77,922.072278
171,171,2020-09-24 4:00:00,ZEC,52.93,55.43,52.93,54.28,59.93978821
172,172,2020-09-23 4:00:00,ZEC,53.39,53.52,50.55,52.93,5595.612898
173,173,2020-09-22 4:00:00,ZEC,52.84,53.83,51.64,53.39,2629.695306
174,174,2020-09-21 4:00:00,ZEC,57.4,57.63,51.26,52.84,3109.589942
175,175,2020-09-20 4:00:00,ZEC,57.62,58.76,55.52,57.4,2532.612606
176,176,2020-09-19 4:00:00,ZEC,57.89,59.02,57.44,57.62,940.0193971
177,177,2020-09-18 4:00:00,ZEC,58.77,58.77,56.95,57.89,1849.441451
178,178,2020-09-17 4:00:00,ZEC,58.19,59.9,57.81,58.77,850.578367
179,179,2020-09-16 4:00:00,ZEC,57.85,59.68,57.0,58.19,1609.106676
180,180,2020-09-15 4:00:00,ZEC,63.35,63.43,57.63,57.85,2989.383477
181,181,2020-09-14 4:00:00,ZEC,61.97,64.64,61.67,63.35,3290.950638
182,182,2020-09-13 4:00:00,ZEC,65.54,66.05,61.01,61.97,905.9827877
183,183,2020-09-12 4:00:00,ZEC,63.96,66.73,62.24,65.54,2039.480515
184,184,2020-09-11 4:00:00,ZEC,59.0,64.06,59.0,63.96,1906.231544
185,185,2020-09-10 4:00:00,ZEC,60.98,61.93,59.0,59.0,451.615047
186,186,2020-09-09 4:00:00,ZEC,57.97,62.36,57.97,60.98,1142.859791
187,187,2020-09-08 4:00:00,ZEC,62.23,63.07,56.97,57.97,4302.775353
188,188,2020-09-07 4:00:00,ZEC,57.55,64.0,55.6,62.23,3002.697887
189,189,2020-09-06 4:00:00,ZEC,56.14,60.5,54.66,57.55,2390.305182
190,190,2020-09-05 4:00:00,ZEC,59.69,60.98,51.79,56.14,6254.1413
191,191,2020-09-04 4:00:00,ZEC,58.35,62.99,54.61,59.69,4886.924877
192,192,2020-09-03 4:00:00,ZEC,73.57,73.57,55.52,58.35,9566.569414
193,193,2020-09-02 4:00:00,ZEC,82.05,83.93,72.67,73.57,4260.398244
194,194,2020-09-01 4:00:00,ZEC,80.01,85.99,79.15,82.05,6644.448666
195,195,2020-08-31 4:00:00,ZEC,80.1,80.87,77.4,80.01,1968.253851
196,196,2020-08-30 4:00:00,ZEC,80.7,82.48,78.23,80.1,3303.963827
197,197,2020-08-29 4:00:00,ZEC,75.08,81.59,75.08,80.7,1831.108716
198,198,2020-08-28 4:00:00,ZEC,74.0,76.99,73.91,75.08,1789.023744
199,199,2020-08-27 4:00:00,ZEC,74.19,74.19,71.01,74.0,1135.653546
200,200,2020-08-26 4:00:00,ZEC,76.98,76.98,73.99,74.19,2718.250964
201,201,2020-08-25 4:00:00,ZEC,79.02,79.52,71.47,76.98,5857.596998
202,202,2020-08-24 4:00:00,ZEC,82.5,83.0,78.48,79.02,3087.430177
203,203,2020-08-23 4:00:00,ZEC,76.34,84.84,74.9,82.5,3548.119959
204,204,2020-08-22 4:00:00,ZEC,73.93,77.9,72.35,76.34,1526.331721
205,205,2020-08-21 4:00:00,ZEC,80.5,81.31,71.59,73.93,3028.192822
206,206,2020-08-20 4:00:00,ZEC,76.21,80.5,76.21,80.5,159.0229168
207,207,2020-08-19 4:00:00,ZEC,79.3,81.33,73.1,76.21,5350.495219
208,208,2020-08-18 4:00:00,ZEC,87.41,88.99,79.0,79.3,3513.306673
209,209,2020-08-17 4:00:00,ZEC,83.72,90.01,83.25,87.41,6986.265286
210,210,2020-08-16 4:00:00,ZEC,84.81,86.25,81.59,83.72,3224.009219
211,211,2020-08-15 4:00:00,ZEC,86.48,88.5,84.17,84.81,2618.76018
212,212,2020-08-14 4:00:00,ZEC,85.17,88.24,83.44,86.48,1935.973035
213,213,2020-08-13 4:00:00,ZEC,82.52,87.87,78.07,85.17,6243.762583
214,214,2020-08-12 4:00:00,ZEC,78.91,85.0,77.81,82.52,5887.302769
215,215,2020-08-11 4:00:00,ZEC,87.79,88.4,76.89,78.91,6887.803936
216,216,2020-08-10 4:00:00,ZEC,94.67,94.67,87.61,87.79,4943.602761
217,217,2020-08-09 4:00:00,ZEC,95.01,95.76,90.0,94.67,3608.434916
218,218,2020-08-08 4:00:00,ZEC,92.98,99.07,92.22,95.01,3095.229655
219,219,2020-08-07 4:00:00,ZEC,95.95,96.93,88.0,92.98,5711.467206
220,220,2020-08-06 4:00:00,ZEC,95.09,102.76,92.82,95.95,7809.359541
221,221,2020-08-05 4:00:00,ZEC,85.79,97.97,85.52,95.09,8912.384238
222,222,2020-08-04 4:00:00,ZEC,83.1,87.75,80.04,85.79,4492.765392
223,223,2020-08-03 4:00:00,ZEC,84.52,84.96,81.64,83.1,1431.374483
224,224,2020-08-02 4:00:00,ZEC,90.13,90.66,76.01,84.52,10051.04775
225,225,2020-08-01 4:00:00,ZEC,78.2,94.24,78.2,90.13,12900.32348
226,226,2020-07-31 4:00:00,ZEC,70.81,78.99,70.54,78.2,5906.435069
227,227,2020-07-30 4:00:00,ZEC,70.46,72.91,70.46,70.81,1258.612684
228,228,2020-07-29 4:00:00,ZEC,71.4,74.02,70.37,70.46,4258.865352
229,229,2020-07-28 4:00:00,ZEC,71.43,73.0,69.22,71.4,2072.953266
230,230,2020-07-27 4:00:00,ZEC,68.39,73.0,67.27,71.43,6570.778238
231,231,2020-07-26 4:00:00,ZEC,65.08,69.0,63.98,68.39,3732.632777
232,232,2020-07-25 4:00:00,ZEC,64.19,65.97,63.23,65.08,3162.169319
233,233,2020-07-24 4:00:00,ZEC,62.73,64.7,61.8,64.19,4245.169372
234,234,2020-07-23 4:00:00,ZEC,63.77,65.0,62.37,62.73,3021.044478
235,235,2020-07-22 4:00:00,ZEC,62.92,64.68,60.92,63.77,3755.404887
236,236,2020-07-21 4:00:00,ZEC,58.4,64.0,58.4,62.92,6074.763123
237,237,2020-07-20 4:00:00,ZEC,57.96,59.0,56.96,58.4,2010.164547
238,238,2020-07-19 4:00:00,ZEC,58.48,58.5,57.0,57.96,1232.8666
239,239,2020-07-18 4:00:00,ZEC,58.57,59.63,58.18,58.48,400.9012495
240,240,2020-07-17 4:00:00,ZEC,58.71,60.29,58.0,58.57,2073.584737
241,241,2020-07-16 4:00:00,ZEC,61.11,61.11,58.71,58.71,34.428895
242,242,2020-07-15 4:00:00,ZEC,62.0,62.88,60.71,61.11,3913.601201
243,243,2020-07-14 4:00:00,ZEC,59.96,62.93,58.96,62.0,3774.304783
244,244,2020-07-13 4:00:00,ZEC,61.97,63.79,58.5,59.96,10146.7544
245,245,2020-07-12 4:00:00,ZEC,56.25,63.0,55.9,61.97,5070.295528
246,246,2020-07-11 4:00:00,ZEC,56.18,56.75,55.06,56.25,3299.613319
247,247,2020-07-10 4:00:00,ZEC,55.77,56.47,54.35,56.18,1527.304917
248,248,2020-07-09 4:00:00,ZEC,56.68,58.81,55.5,55.77,2426.54651
249,249,2020-07-08 4:00:00,ZEC,57.25,58.98,56.54,56.68,5832.825889
250,250,2020-07-07 4:00:00,ZEC,54.93,58.0,53.68,57.25,3538.655516
251,251,2020-07-06 4:00:00,ZEC,51.78,55.9,51.78,54.93,6851.186448
252,252,2020-07-05 4:00:00,ZEC,51.19,52.24,50.18,51.78,620.101702
253,253,2020-07-04 4:00:00,ZEC,51.26,51.65,50.7,51.19,656.72092
254,254,2020-07-03 4:00:00,ZEC,51.07,51.58,50.87,51.26,844.5787836
255,255,2020-07-02 4:00:00,ZEC,52.07,52.07,51.07,51.07,296.359706
256,256,2020-07-01 4:00:00,ZEC,51.29,52.5,51.29,52.07,3191.254645
257,257,2020-06-30 4:00:00,ZEC,52.25,52.62,51.1,51.29,3574.603903
258,258,2020-06-29 4:00:00,ZEC,52.26,52.74,51.65,52.25,3856.555264
259,259,2020-06-28 4:00:00,ZEC,51.45,53.75,51.42,52.26,4526.519897
260,260,2020-06-27 4:00:00,ZEC,55.03,55.18,51.06,51.45,4319.32017
261,261,2020-06-26 4:00:00,ZEC,55.91,56.48,54.48,55.03,2423.696484
262,262,2020-06-25 4:00:00,ZEC,53.68,56.71,53.57,55.91,5576.889441
263,263,2020-06-24 4:00:00,ZEC,58.69,59.21,52.98,53.68,14874.14661
264,264,2020-06-23 4:00:00,ZEC,52.99,61.54,52.55,58.69,15972.97808
265,265,2020-06-22 4:00:00,ZEC,51.56,53.73,51.55,52.99,3827.960131
266,266,2020-06-21 4:00:00,ZEC,51.64,51.8,50.25,51.56,3176.260958
267,267,2020-06-20 4:00:00,ZEC,51.4,52.16,50.5,51.64,1884.282044
268,268,2020-06-19 4:00:00,ZEC,50.93,52.25,50.93,51.4,944.6064116
269,269,2020-06-18 4:00:00,ZEC,53.27,53.27,50.93,50.93,330.1779746
270,270,2020-06-17 4:00:00,ZEC,52.0,53.3,51.89,53.27,1200.669749
271,271,2020-06-16 4:00:00,ZEC,52.99,53.57,52.0,52.0,2310.285901
272,272,2020-06-15 4:00:00,ZEC,48.94,53.0,48.32,52.99,4047.367253
273,273,2020-06-14 4:00:00,ZEC,51.85,51.85,48.62,48.94,1766.626466
274,274,2020-06-13 4:00:00,ZEC,51.28,52.91,50.74,51.85,945.2840468
275,275,2020-06-12 4:00:00,ZEC,50.68,52.25,50.32,51.28,2370.735511
276,276,2020-06-11 4:00:00,ZEC,54.96,54.99,48.0,50.68,9592.549697
277,277,2020-06-10 4:00:00,ZEC,53.1,55.56,53.1,54.96,4817.485531
278,278,2020-06-09 4:00:00,ZEC,52.16,53.1,50.99,53.1,1190.795919
279,279,2020-06-08 4:00:00,ZEC,51.95,53.33,51.53,52.16,2622.621038
280,280,2020-06-07 4:00:00,ZEC,53.04,53.04,50.74,51.95,2007.477406
281,281,2020-06-06 4:00:00,ZEC,52.51,53.57,51.92,53.04,1285.116979
282,282,2020-06-05 4:00:00,ZEC,53.0,54.25,52.03,52.51,3970.622591
283,283,2020-06-04 4:00:00,ZEC,53.11,54.11,51.05,53.0,3106.632632
284,284,2020-06-03 4:00:00,ZEC,51.01,53.49,50.74,53.11,2851.231463
285,285,2020-06-02 4:00:00,ZEC,54.09,55.42,50.0,51.01,5407.295313
286,286,2020-06-01 4:00:00,ZEC,52.65,55.15,50.95,54.09,5051.029633
287,287,2020-05-31 4:00:00,ZEC,53.24,55.54,50.78,52.65,4582.723621
288,288,2020-05-30 4:00:00,ZEC,47.27,56.33,47.27,53.24,8863.101986
289,289,2020-05-29 4:00:00,ZEC,47.52,47.65,46.21,47.27,1834.705188
290,290,2020-05-28 4:00:00,ZEC,46.36,47.99,46.36,47.52,374.3404373
291,291,2020-05-27 4:00:00,ZEC,44.51,46.71,44.45,46.36,2343.112691
292,292,2020-05-26 4:00:00,ZEC,45.82,45.82,44.0,44.51,905.9061565
293,293,2020-05-25 4:00:00,ZEC,45.25,46.01,44.92,45.82,1742.351926
294,294,2020-05-24 4:00:00,ZEC,47.6,47.72,44.89,45.25,1848.584718
295,295,2020-05-23 4:00:00,ZEC,48.18,48.18,46.8,47.6,578.9789472
296,296,2020-05-22 4:00:00,ZEC,45.67,48.43,45.67,48.18,2398.41167
297,297,2020-05-21 4:00:00,ZEC,47.8,47.95,44.67,45.67,3908.515291
298,298,2020-05-20 4:00:00,ZEC,49.67,49.87,46.81,47.8,4286.494478
299,299,2020-05-19 4:00:00,ZEC,46.52,50.42,46.52,49.67,5561.954857
300,300,2020-05-18 4:00:00,ZEC,48.89,49.69,46.49,46.52,12283.06319
301,301,2020-05-17 4:00:00,ZEC,44.89,49.29,44.4,48.89,8699.889909
302,302,2020-05-16 4:00:00,ZEC,42.43,45.28,42.16,44.89,1693.518805
303,303,2020-05-15 4:00:00,ZEC,42.63,43.23,41.28,42.43,4089.731254
304,304,2020-05-14 4:00:00,ZEC,42.67,43.42,42.5,42.63,1262.262168
305,305,2020-05-13 4:00:00,ZEC,42.21,43.29,41.6,42.67,1651.990557
306,306,2020-05-12 4:00:00,ZEC,40.26,42.75,40.26,42.21,2712.326296
307,307,2020-05-11 4:00:00,ZEC,40.98,42.58,37.5,40.26,6452.561258
308,308,2020-05-10 4:00:00,ZEC,41.59,42.59,38.26,40.98,7721.02361
309,309,2020-05-09 4:00:00,ZEC,46.77,46.77,38.6,41.59,6425.472099
310,310,2020-05-08 4:00:00,ZEC,44.43,47.56,43.56,46.77,7169.975948
311,311,2020-05-07 4:00:00,ZEC,43.29,45.06,42.72,44.43,4545.005272
312,312,2020-05-06 4:00:00,ZEC,43.95,44.94,41.93,43.29,3326.550214
313,313,2020-05-05 4:00:00,ZEC,43.93,44.99,43.31,43.95,1754.804545
314,314,2020-05-04 4:00:00,ZEC,43.73,44.6,42.11,43.93,4801.629512
315,315,2020-05-03 4:00:00,ZEC,46.64,46.87,43.12,43.73,4683.731855
316,316,2020-05-02 4:00:00,ZEC,45.83,46.99,45.22,46.64,2621.317951
317,317,2020-05-01 4:00:00,ZEC,45.18,46.56,44.9,45.83,1779.857007
318,318,2020-04-30 4:00:00,ZEC,48.96,48.99,44.0,45.18,5928.760755
319,319,2020-04-29 4:00:00,ZEC,44.9,49.0,44.72,48.96,12650.62185
320,320,2020-04-28 4:00:00,ZEC,43.71,45.66,43.25,44.9,3501.09783
321,321,2020-04-27 4:00:00,ZEC,44.81,44.84,42.6,43.71,3229.086216
322,322,2020-04-26 4:00:00,ZEC,44.89,45.5,44.0,44.81,2020.58569
323,323,2020-04-25 4:00:00,ZEC,43.8,45.89,43.8,44.89,5343.808773
324,324,2020-04-24 4:00:00,ZEC,44.98,45.37,43.5,43.8,5819.126459
325,325,2020-04-23 4:00:00,ZEC,45.01,45.35,44.55,44.98,577.388213
326,326,2020-04-22 4:00:00,ZEC,42.98,45.95,42.72,45.01,12768.07525
327,327,2020-04-21 4:00:00,ZEC,42.77,43.45,41.0,42.98,5291.437419
328,328,2020-04-20 4:00:00,ZEC,47.7,48.54,41.13,42.77,15681.99455
329,329,2020-04-19 4:00:00,ZEC,44.81,48.73,42.99,47.7,16237.42407
330,330,2020-04-18 4:00:00,ZEC,41.51,44.84,40.78,44.81,3862.096749
331,331,2020-04-17 4:00:00,ZEC,38.58,41.75,38.23,41.51,4652.592294
332,332,2020-04-16 4:00:00,ZEC,34.77,40.0,34.77,38.58,15012.52494
333,333,2020-04-15 4:00:00,ZEC,36.15,36.17,33.84,34.77,2984.735018
334,334,2020-04-14 4:00:00,ZEC,36.21,36.32,35.19,36.15,3092.049549
335,335,2020-04-13 4:00:00,ZEC,35.18,36.23,34.9,36.21,1851.023735
336,336,2020-04-12 4:00:00,ZEC,35.56,38.16,34.79,35.18,4018.246001
337,337,2020-04-11 4:00:00,ZEC,36.81,37.53,35.35,35.56,3858.030914
338,338,2020-04-10 4:00:00,ZEC,37.92,38.44,34.55,36.81,15110.65849
339,339,2020-04-09 4:00:00,ZEC,38.0,41.25,37.56,37.92,4158.178871
340,340,2020-04-08 4:00:00,ZEC,37.85,38.99,36.5,38.0,7990.255251
341,341,2020-04-07 4:00:00,ZEC,37.28,38.31,35.5,37.85,10028.29142
342,342,2020-04-06 4:00:00,ZEC,33.35,38.43,33.35,37.28,16511.37441
343,343,2020-04-05 4:00:00,ZEC,33.12,33.48,32.0,33.35,1144.81508
344,344,2020-04-04 4:00:00,ZEC,32.33,33.64,32.24,33.12,5667.685632
345,345,2020-04-03 4:00:00,ZEC,32.51,33.32,31.71,32.33,4520.604189
346,346,2020-04-02 4:00:00,ZEC,31.2,34.24,31.15,32.51,17189.97901
347,347,2020-04-01 4:00:00,ZEC,30.99,31.66,29.88,31.2,5290.918237
348,348,2020-03-31 4:00:00,ZEC,30.78,31.92,30.3,30.99,4670.528787
349,349,2020-03-30 4:00:00,ZEC,28.87,31.64,28.87,30.78,6986.253516
350,350,2020-03-29 4:00:00,ZEC,30.12,30.12,28.25,28.87,4187.730663
351,351,2020-03-28 4:00:00,ZEC,29.66,30.75,29.19,30.12,2854.60554
352,352,2020-03-27 4:00:00,ZEC,32.65,32.65,29.51,29.66,973.3397146
353,353,2020-03-26 4:00:00,ZEC,31.97,33.47,31.97,32.65,1186.974204
354,354,2020-03-25 4:00:00,ZEC,31.74,32.97,31.1,31.97,8497.357815
355,355,2020-03-24 4:00:00,ZEC,32.34,33.34,31.45,31.74,9048.551387
356,356,2020-03-23 4:00:00,ZEC,30.51,33.26,29.66,32.34,13049.53983
357,357,2020-03-22 4:00:00,ZEC,33.84,35.41,29.23,30.51,8298.148161
358,358,2020-03-21 4:00:00,ZEC,33.79,34.45,32.1,33.84,7548.102225
359,359,2020-03-20 4:00:00,ZEC,31.77,36.22,29.07,33.79,21276.94753
360,360,2020-03-19 4:00:00,ZEC,28.86,34.69,28.82,31.77,22106.06687
361,361,2020-03-18 4:00:00,ZEC,25.85,31.21,24.61,28.86,15121.14393
362,362,2020-03-17 4:00:00,ZEC,25.74,26.24,24.17,25.85,4056.898801
363,363,2020-03-16 4:00:00,ZEC,25.7,25.82,21.07,25.74,20377.78043
364,364,2020-03-15 4:00:00,ZEC,24.94,27.74,24.94,25.7,12783.25474
365,365,2020-03-14 4:00:00,ZEC,27.3,27.34,24.56,24.94,6916.583593
366,366,2020-03-13 4:00:00,ZEC,25.38,29.5,25.38,27.3,1665.156998
367,367,2020-03-12 4:00:00,ZEC,38.68,38.68,23.83,25.38,6717.015656
368,368,2020-03-11 4:00:00,ZEC,41.65,41.66,37.42,38.68,12411.48271
369,369,2020-03-10 4:00:00,ZEC,41.94,42.63,40.32,41.65,5743.932781
370,370,2020-03-09 4:00:00,ZEC,42.82,43.22,38.81,41.94,14656.21776
371,371,2020-03-08 4:00:00,ZEC,49.36,50.63,42.07,42.82,7809.189913
372,372,2020-03-07 4:00:00,ZEC,53.23,53.23,49.01,49.36,1831.861256
373,373,2020-03-06 4:00:00,ZEC,51.96,53.64,51.36,53.23,4867.452963
374,374,2020-03-05 4:00:00,ZEC,50.93,52.77,50.93,51.96,711.086473
375,375,2020-03-04 4:00:00,ZEC,50.97,51.51,49.09,50.93,2704.985904
376,376,2020-03-03 4:00:00,ZEC,51.96,52.03,49.85,50.97,2449.590001
377,377,2020-03-02 4:00:00,ZEC,49.71,52.91,49.46,51.96,2218.411748
378,378,2020-03-01 4:00:00,ZEC,50.85,50.87,48.15,49.71,1414.80909
379,379,2020-02-29 4:00:00,ZEC,50.55,52.17,49.06,50.85,2449.871729
380,380,2020-02-28 4:00:00,ZEC,52.96,52.96,48.58,50.55,2381.071203
381,381,2020-02-27 4:00:00,ZEC,50.87,55.02,50.35,52.96,3771.291546
382,382,2020-02-26 4:00:00,ZEC,53.94,55.08,48.06,50.87,3157.553147
383,383,2020-02-25 4:00:00,ZEC,59.82,59.9,53.41,53.94,3304.944691
384,384,2020-02-24 4:00:00,ZEC,61.64,62.64,58.88,59.82,1405.48352
385,385,2020-02-23 4:00:00,ZEC,62.4,64.24,61.19,61.64,2386.633471
386,386,2020-02-22 4:00:00,ZEC,61.43,62.4,60.04,62.4,1399.652858
387,387,2020-02-21 4:00:00,ZEC,62.03,63.59,60.88,61.43,1410.816806
388,388,2020-02-20 4:00:00,ZEC,62.23,62.91,60.12,62.03,59.709215
389,389,2020-02-19 4:00:00,ZEC,65.34,69.4,60.04,62.23,8021.81956
390,390,2020-02-18 4:00:00,ZEC,64.23,66.6,60.43,65.34,5777.198864
391,391,2020-02-17 4:00:00,ZEC,57.3,66.2,55.03,64.23,3893.721026
392,392,2020-02-16 4:00:00,ZEC,66.0,66.23,54.77,57.3,6005.044621
393,393,2020-02-15 4:00:00,ZEC,71.55,71.55,63.5,66.0,4440.036462
394,394,2020-02-14 4:00:00,ZEC,71.91,73.11,70.7,71.55,6729.432442
395,395,2020-02-13 4:00:00,ZEC,73.51,75.78,70.34,71.91,5248.273126
396,396,2020-02-12 4:00:00,ZEC,73.73,75.75,72.51,73.51,10032.04492
397,397,2020-02-11 4:00:00,ZEC,68.66,74.56,68.09,73.73,8152.080808
398,398,2020-02-10 4:00:00,ZEC,70.37,70.55,67.92,68.66,5021.419785
399,399,2020-02-09 4:00:00,ZEC,70.66,72.71,69.17,70.37,3545.841952
400,400,2020-02-08 4:00:00,ZEC,66.89,71.8,66.89,70.66,7379.331336
401,401,2020-02-07 4:00:00,ZEC,69.69,70.94,66.25,66.89,8984.329145
402,402,2020-02-06 4:00:00,ZEC,72.5,72.5,69.69,69.69,247.335639
403,403,2020-02-05 4:00:00,ZEC,63.77,72.95,63.77,72.5,11127.57491
404,404,2020-02-04 4:00:00,ZEC,64.5,65.17,62.8,63.77,2658.168933
405,405,2020-02-03 4:00:00,ZEC,66.66,67.43,64.5,64.5,3817.172938
406,406,2020-02-02 4:00:00,ZEC,64.15,68.21,63.8,66.66,3535.267123
407,407,2020-02-01 4:00:00,ZEC,68.04,68.74,63.73,64.15,6052.039105
408,408,2020-01-31 4:00:00,ZEC,66.72,69.06,62.47,68.04,9092.436932
409,409,2020-01-30 4:00:00,ZEC,64.95,70.13,64.49,66.72,13546.09382
410,410,2020-01-29 4:00:00,ZEC,59.4,66.16,57.96,64.95,15374.16943
411,411,2020-01-28 4:00:00,ZEC,55.46,59.77,53.71,59.4,12884.19296
412,412,2020-01-27 4:00:00,ZEC,54.35,57.73,53.64,55.46,12055.0156
413,413,2020-01-26 4:00:00,ZEC,49.87,55.04,49.41,54.35,6844.378222
414,414,2020-01-25 4:00:00,ZEC,48.79,49.92,47.89,49.87,2893.13619
415,415,2020-01-24 4:00:00,ZEC,47.07,50.52,46.0,48.79,6141.050125
416,416,2020-01-23 4:00:00,ZEC,50.71,50.71,46.4,47.07,585.470661
417,417,2020-01-22 4:00:00,ZEC,52.68,53.89,50.11,50.71,4501.674751
418,418,2020-01-21 4:00:00,ZEC,53.62,53.92,51.06,52.68,4728.142355
419,419,2020-01-20 4:00:00,ZEC,50.06,55.93,49.0,53.62,8139.979416
420,420,2020-01-19 4:00:00,ZEC,51.01,57.09,48.3,50.06,11260.83329
421,421,2020-01-18 4:00:00,ZEC,58.7,59.48,48.07,51.01,18677.17995
422,422,2020-01-17 4:00:00,ZEC,50.75,65.84,50.66,58.7,32706.57353
423,423,2020-01-16 4:00:00,ZEC,48.9,51.94,48.39,50.75,12062.00932
424,424,2020-01-15 4:00:00,ZEC,51.2,56.85,45.63,48.9,50462.33738
425,425,2020-01-14 4:00:00,ZEC,41.0,58.29,40.73,51.2,48379.26891
426,426,2020-01-13 4:00:00,ZEC,34.77,41.0,34.53,41.0,26364.78588
427,427,2020-01-12 4:00:00,ZEC,35.49,36.07,34.77,34.77,5997.395669
428,428,2020-01-11 4:00:00,ZEC,34.4,36.7,33.32,35.49,13158.58295
429,429,2020-01-10 4:00:00,ZEC,30.58,34.68,30.04,34.4,18523.45866
430,430,2020-01-09 4:00:00,ZEC,30.41,30.88,30.41,30.58,4.86267899
431,431,2020-01-08 4:00:00,ZEC,31.98,32.39,30.03,30.41,3295.686737
432,432,2020-01-07 4:00:00,ZEC,32.13,33.19,30.66,31.98,8605.775778
433,433,2020-01-06 4:00:00,ZEC,31.52,33.29,31.41,32.13,6748.959143
434,434,2020-01-05 4:00:00,ZEC,30.1,31.87,30.1,31.52,4382.344433
435,435,2020-01-04 4:00:00,ZEC,28.21,30.39,27.95,30.1,3018.481118
436,436,2020-01-03 4:00:00,ZEC,26.87,28.65,26.87,28.21,1166.050717
437,437,2020-01-02 4:00:00,ZEC,27.7,27.7,26.59,26.87,1194.2027
438,438,2020-01-01 4:00:00,ZEC,27.57,28.26,27.34,27.7,2630.301434
439,439,2019-12-31 4:00:00,ZEC,28.07,28.28,27.23,27.57,3650.806547
440,440,2019-12-30 4:00:00,ZEC,28.73,29.04,28.07,28.07,1485.351967
441,441,2019-12-29 4:00:00,ZEC,28.15,29.49,27.98,28.73,2494.94979
442,442,2019-12-28 4:00:00,ZEC,27.77,28.42,27.75,28.15,1170.293657
443,443,2019-12-27 4:00:00,ZEC,27.54,28.0,27.16,27.77,1293.968548
444,444,2019-12-26 4:00:00,ZEC,27.19,28.46,27.1,27.54,823.516773
445,445,2019-12-25 4:00:00,ZEC,27.93,27.95,27.1,27.19,2301.442769
446,446,2019-12-24 4:00:00,ZEC,28.29,28.53,27.82,27.93,1953.942002
447,447,2019-12-23 4:00:00,ZEC,29.35,29.54,28.07,28.29,1625.974323
448,448,2019-12-22 4:00:00,ZEC,28.35,29.83,28.31,29.35,1639.761906
449,449,2019-12-21 4:00:00,ZEC,28.15,28.55,27.77,28.35,965.8328068
450,450,2019-12-20 4:00:00,ZEC,28.14,28.64,27.88,28.15,2665.078967
451,451,2019-12-19 4:00:00,ZEC,29.15,29.15,29.15,29.15,0.0
452,452,2019-12-18 4:00:00,ZEC,28.82,29.88,26.55,29.15,7813.962569
453,453,2019-12-17 4:00:00,ZEC,29.23,31.44,26.79,28.82,6785.33992
454,454,2019-12-16 4:00:00,ZEC,32.58,32.58,32.58,32.58,0.0
455,455,2019-12-15 4:00:00,ZEC,31.87,33.49,31.5,32.58,3765.237421
456,456,2019-12-14 4:00:00,ZEC,32.83,33.1,30.6,31.87,3247.749847
457,457,2019-12-13 4:00:00,ZEC,31.28,33.1,31.28,32.83,74.134535
458,458,2019-12-12 4:00:00,ZEC,31.28,31.28,31.28,31.28,0.0
459,459,2019-12-11 4:00:00,ZEC,30.19,32.14,30.0,31.28,4477.580217
460,460,2019-12-10 4:00:00,ZEC,30.15,30.67,29.59,30.19,1743.6854
461,461,2019-12-09 4:00:00,ZEC,29.22,32.25,29.09,30.15,9927.640679
462,462,2019-12-08 4:00:00,ZEC,29.12,29.73,29.03,29.22,705.2886243
463,463,2019-12-07 4:00:00,ZEC,29.43,30.19,29.09,29.12,1091.862389
464,464,2019-12-06 4:00:00,ZEC,29.7,29.78,28.3,29.43,5201.955683
465,465,2019-12-05 4:00:00,ZEC,26.88,26.88,26.88,26.88,0.0
466,466,2019-12-04 4:00:00,ZEC,26.72,28.95,26.53,26.88,6423.530592
467,467,2019-12-03 4:00:00,ZEC,27.7,27.72,26.45,26.72,2539.98912
468,468,2019-12-02 4:00:00,ZEC,28.0,28.31,27.33,27.7,3133.640106
469,469,2019-12-01 4:00:00,ZEC,27.86,28.33,27.38,28.0,402.5615998
470,470,2019-11-30 4:00:00,ZEC,29.3,29.44,27.78,27.86,597.9490389
471,471,2019-11-29 4:00:00,ZEC,28.96,29.83,28.56,29.3,1542.185092
472,472,2019-11-28 4:00:00,ZEC,28.46,29.47,28.27,28.96,1651.059121
473,473,2019-11-27 4:00:00,ZEC,27.96,29.56,27.0,28.46,3577.103472
474,474,2019-11-26 4:00:00,ZEC,28.09,28.46,27.12,27.96,2370.190473
475,475,2019-11-25 4:00:00,ZEC,26.34,29.61,25.3,28.09,8139.540203
476,476,2019-11-24 4:00:00,ZEC,29.18,29.46,26.12,26.34,3835.566658
477,477,2019-11-23 4:00:00,ZEC,29.46,30.05,29.0,29.18,1001.263979
478,478,2019-11-22 4:00:00,ZEC,31.48,33.34,27.76,29.46,9298.506825
479,479,2019-11-21 4:00:00,ZEC,33.74,33.74,33.74,33.74,0.0
480,480,2019-11-20 4:00:00,ZEC,34.18,34.5,33.5,33.74,5228.945957
481,481,2019-11-19 4:00:00,ZEC,34.18,34.18,34.18,34.18,0.0
482,482,2019-11-18 4:00:00,ZEC,35.66,35.93,33.89,34.18,2754.734276
483,483,2019-11-17 4:00:00,ZEC,35.72,36.3,35.24,35.66,814.720254
484,484,2019-11-16 4:00:00,ZEC,35.93,36.18,35.71,35.72,707.7515551
485,485,2019-11-15 4:00:00,ZEC,35.78,36.42,34.93,35.93,2586.706905
486,486,2019-11-14 4:00:00,ZEC,36.82,36.82,35.15,35.78,4012.14728
487,487,2019-11-13 4:00:00,ZEC,36.54,37.2,33.0,36.82,5815.342828
488,488,2019-11-12 4:00:00,ZEC,36.81,36.81,36.81,36.81,0.0
489,489,2019-11-11 4:00:00,ZEC,37.65,37.65,36.33,36.81,1946.791281
490,490,2019-11-10 4:00:00,ZEC,36.39,38.5,36.25,37.65,3268.090329
491,491,2019-11-09 4:00:00,ZEC,36.92,37.19,34.94,36.39,5628.838155
492,492,2019-11-08 4:00:00,ZEC,38.87,38.87,35.95,36.92,3837.321939
493,493,2019-11-07 4:00:00,ZEC,38.63,39.1,38.25,38.87,3213.213263
494,494,2019-11-06 4:00:00,ZEC,38.41,39.61,38.41,38.63,2510.905975
495,495,2019-11-05 4:00:00,ZEC,37.75,39.32,37.17,38.41,3626.447887
496,496,2019-11-04 4:00:00,ZEC,36.95,38.5,36.83,37.75,2751.148565
497,497,2019-11-03 4:00:00,ZEC,37.6,37.64,36.78,36.95,674.428595
498,498,2019-11-02 4:00:00,ZEC,37.76,38.03,37.45,37.6,509.1523182
499,499,2019-11-01 4:00:00,ZEC,37.1,37.99,36.86,37.76,2409.418523
500,500,2019-10-31 4:00:00,ZEC,38.51,38.53,37.04,37.1,2633.382446
501,501,2019-10-30 4:00:00,ZEC,39.45,39.65,37.49,38.51,5783.684343
502,502,2019-10-29 4:00:00,ZEC,38.11,39.72,37.84,39.45,11696.82707
503,503,2019-10-28 4:00:00,ZEC,40.55,42.35,37.38,38.11,12417.16769
504,504,2019-10-27 4:00:00,ZEC,35.73,42.0,35.43,40.55,25242.9845
505,505,2019-10-26 4:00:00,ZEC,37.63,38.49,35.3,35.73,17980.41618
506,506,2019-10-25 4:00:00,ZEC,32.55,39.5,32.55,37.63,22853.32956
507,507,2019-10-24 4:00:00,ZEC,32.55,32.55,32.55,32.55,0.0
508,508,2019-10-23 4:00:00,ZEC,34.74,35.21,31.84,32.55,10562.76993
509,509,2019-10-22 4:00:00,ZEC,36.68,36.89,34.7,34.74,2388.466024
510,510,2019-10-21 4:00:00,ZEC,36.49,37.06,36.04,36.68,2545.299163
511,511,2019-10-20 4:00:00,ZEC,35.73,36.81,35.68,36.49,776.0451202
512,512,2019-10-19 4:00:00,ZEC,35.91,36.63,35.52,35.73,1903.822631
513,513,2019-10-18 4:00:00,ZEC,36.47,36.49,35.5,35.91,1882.395457
514,514,2019-10-17 4:00:00,ZEC,35.79,36.81,35.63,36.47,3447.064373
515,515,2019-10-16 4:00:00,ZEC,36.68,36.92,35.32,35.79,3736.759963
516,516,2019-10-15 4:00:00,ZEC,36.89,37.61,36.5,36.68,1853.462616
517,517,2019-10-14 4:00:00,ZEC,37.16,37.42,36.59,36.89,1398.895636
518,518,2019-10-13 4:00:00,ZEC,36.69,37.5,36.3,37.16,1329.689063
519,519,2019-10-12 4:00:00,ZEC,36.43,37.22,35.97,36.69,3818.651503
520,520,2019-10-11 4:00:00,ZEC,37.68,38.49,35.98,36.43,4548.557032
521,521,2019-10-10 4:00:00,ZEC,38.02,38.02,37.11,37.68,2537.293253
522,522,2019-10-09 4:00:00,ZEC,36.45,38.3,36.23,38.02,2362.758497
523,523,2019-10-08 4:00:00,ZEC,37.66,37.69,36.06,36.45,1498.862574
524,524,2019-10-07 4:00:00,ZEC,36.35,38.22,36.2,37.66,2879.651862
525,525,2019-10-06 4:00:00,ZEC,36.62,36.96,35.19,36.35,5385.624143
526,526,2019-10-05 4:00:00,ZEC,37.09,37.12,36.06,36.62,1619.855054
527,527,2019-10-04 4:00:00,ZEC,36.83,37.62,36.11,37.09,1965.225862
528,528,2019-10-03 4:00:00,ZEC,38.13,38.13,38.13,38.13,0.0
529,529,2019-10-02 4:00:00,ZEC,38.28,38.5,37.39,38.13,3213.892714
530,530,2019-10-01 4:00:00,ZEC,39.11,39.35,37.97,38.28,3389.998759
531,531,2019-09-30 4:00:00,ZEC,37.54,40.13,36.37,39.11,5129.865121
532,532,2019-09-29 4:00:00,ZEC,38.59,38.61,36.47,37.54,2861.185796
533,533,2019-09-28 4:00:00,ZEC,37.36,41.17,37.28,38.59,3922.371556
534,534,2019-09-27 4:00:00,ZEC,35.58,38.2,34.77,37.36,4547.800112
535,535,2019-09-26 4:00:00,ZEC,37.76,37.93,32.5,35.58,8345.787739
536,536,2019-09-25 4:00:00,ZEC,36.5,38.83,33.72,37.76,13125.08595
537,537,2019-09-24 4:00:00,ZEC,44.58,45.91,30.0,36.5,10818.64193
538,538,2019-09-23 4:00:00,ZEC,45.77,45.93,43.49,44.58,3550.870028
539,539,2019-09-22 4:00:00,ZEC,46.32,47.1,45.67,45.77,508.5644058
540,540,2019-09-21 4:00:00,ZEC,49.04,49.13,46.09,46.32,2234.629118
541,541,2019-09-20 4:00:00,ZEC,49.52,49.86,48.0,49.04,2147.480923
542,542,2019-09-19 4:00:00,ZEC,48.98,48.98,48.98,48.98,0.0
543,543,2019-09-18 4:00:00,ZEC,51.22,53.45,48.25,48.98,5283.487265
544,544,2019-09-17 4:00:00,ZEC,48.52,51.73,47.67,51.22,5736.423255
545,545,2019-09-16 4:00:00,ZEC,48.5,50.31,47.5,48.52,3909.538424
546,546,2019-09-15 4:00:00,ZEC,46.5,48.57,46.12,48.5,1138.327688
547,547,2019-09-14 4:00:00,ZEC,44.71,47.0,44.57,46.5,1383.750729
548,548,2019-09-13 4:00:00,ZEC,44.72,44.92,43.87,44.71,1360.679765
549,549,2019-09-12 4:00:00,ZEC,44.05,44.81,43.5,44.72,1657.37689
550,550,2019-09-11 4:00:00,ZEC,45.17,45.17,43.72,44.05,4130.286142
551,551,2019-09-10 4:00:00,ZEC,46.59,46.59,44.42,45.17,2348.400119
552,552,2019-09-09 4:00:00,ZEC,47.08,47.61,45.47,46.59,1721.876478
553,553,2019-09-08 4:00:00,ZEC,48.42,48.65,47.05,47.08,1254.578844
554,554,2019-09-07 4:00:00,ZEC,45.32,48.49,45.14,48.42,759.6132673
555,555,2019-09-06 4:00:00,ZEC,45.16,45.97,45.16,45.32,37.450682
556,556,2019-09-05 4:00:00,ZEC,45.15,45.24,44.5,45.16,1232.827905
557,557,2019-09-04 4:00:00,ZEC,45.46,46.12,44.61,45.15,2156.426323
558,558,2019-09-03 4:00:00,ZEC,46.51,47.62,44.97,45.46,2242.451544
559,559,2019-09-02 4:00:00,ZEC,45.29,47.6,44.79,46.51,2592.477843
560,560,2019-09-01 4:00:00,ZEC,45.25,45.83,44.57,45.29,615.86281
561,561,2019-08-31 4:00:00,ZEC,44.91,45.4,44.04,45.25,781.1769913
562,562,2019-08-30 4:00:00,ZEC,44.08,45.2,43.7,44.91,1149.603641
563,563,2019-08-29 4:00:00,ZEC,45.99,45.99,43.8,44.08,1871.772589
564,564,2019-08-28 4:00:00,ZEC,49.68,50.41,45.4,45.99,4013.686135
565,565,2019-08-27 4:00:00,ZEC,50.22,51.01,49.68,49.68,991.486578
566,566,2019-08-26 4:00:00,ZEC,51.55,52.41,50.07,50.22,3013.449283
567,567,2019-08-25 4:00:00,ZEC,50.25,53.98,49.39,51.55,10392.5211
568,568,2019-08-24 4:00:00,ZEC,50.74,50.9,49.05,50.25,2326.146221
569,569,2019-08-23 4:00:00,ZEC,50.96,51.6,50.17,50.74,3569.129429
570,570,2019-08-22 4:00:00,ZEC,48.83,52.82,48.83,50.96,81.60326397
571,571,2019-08-21 4:00:00,ZEC,49.62,50.17,48.23,48.83,3702.719063
572,572,2019-08-20 4:00:00,ZEC,53.12,53.18,49.31,49.62,3753.412429
573,573,2019-08-19 4:00:00,ZEC,52.6,54.54,51.88,53.12,1943.023108
574,574,2019-08-18 4:00:00,ZEC,51.28,53.48,50.44,52.6,931.4459515
575,575,2019-08-17 4:00:00,ZEC,48.98,51.39,47.43,51.28,2236.860679
576,576,2019-08-16 4:00:00,ZEC,50.43,50.53,48.27,48.98,2726.621604
577,577,2019-08-15 4:00:00,ZEC,49.08,51.1,47.73,50.43,3478.646053
578,578,2019-08-14 4:00:00,ZEC,55.68,56.11,49.08,49.08,3867.402678
579,579,2019-08-13 4:00:00,ZEC,56.81,56.92,53.78,55.68,5541.391257
580,580,2019-08-12 4:00:00,ZEC,58.92,58.92,56.62,56.81,2693.426227
581,581,2019-08-11 4:00:00,ZEC,57.62,60.5,57.15,58.92,2219.84528
582,582,2019-08-10 4:00:00,ZEC,58.47,59.2,55.56,57.62,3544.904707
583,583,2019-08-09 4:00:00,ZEC,61.61,61.93,57.94,58.47,1350.232807
584,584,2019-08-08 4:00:00,ZEC,61.63,62.08,61.61,61.61,20.996132
585,585,2019-08-07 4:00:00,ZEC,62.61,63.69,60.41,61.63,4106.883051
586,586,2019-08-06 4:00:00,ZEC,66.12,67.26,61.22,62.61,5740.17364
587,587,2019-08-05 4:00:00,ZEC,67.15,68.11,66.02,66.12,2732.279915
588,588,2019-08-04 4:00:00,ZEC,64.5,68.12,63.3,67.15,2233.24011
589,589,2019-08-03 4:00:00,ZEC,66.61,67.03,64.5,64.5,1739.808372
590,590,2019-08-02 4:00:00,ZEC,67.32,68.5,65.94,66.61,2343.614239
591,591,2019-08-01 4:00:00,ZEC,67.44,68.05,66.32,67.32,1466.34068
592,592,2019-07-31 4:00:00,ZEC,66.58,68.81,66.53,67.44,2382.684749
593,593,2019-07-30 4:00:00,ZEC,66.25,67.78,65.79,66.58,1625.999065
594,594,2019-07-29 4:00:00,ZEC,69.22,69.33,66.08,66.25,1952.589047
595,595,2019-07-28 4:00:00,ZEC,68.96,69.86,65.25,69.22,2446.119172
596,596,2019-07-27 4:00:00,ZEC,72.7,72.79,68.2,68.96,1779.080238
597,597,2019-07-26 4:00:00,ZEC,71.17,73.65,70.74,72.7,2115.946132
598,598,2019-07-25 4:00:00,ZEC,72.04,72.04,69.72,71.17,95.85247359
599,599,2019-07-24 4:00:00,ZEC,68.29,72.58,67.8,72.04,4310.222444
600,600,2019-07-23 4:00:00,ZEC,73.25,73.25,68.29,68.29,3980.636706
601,601,2019-07-22 4:00:00,ZEC,75.55,75.63,71.25,73.25,1972.881043
602,602,2019-07-21 4:00:00,ZEC,76.27,77.24,73.62,75.55,2826.461525
603,603,2019-07-20 4:00:00,ZEC,76.62,80.21,76.27,76.27,4093.605424
604,604,2019-07-19 4:00:00,ZEC,77.5,77.67,71.19,76.62,4203.382239
605,605,2019-07-18 4:00:00,ZEC,74.63,81.09,72.7,77.5,6182.589169
606,606,2019-07-17 4:00:00,ZEC,67.27,77.69,66.4,74.63,9347.37999
607,607,2019-07-16 4:00:00,ZEC,79.2,79.75,64.5,67.27,18255.01129
608,608,2019-07-15 4:00:00,ZEC,79.03,81.94,76.6,79.2,7210.215028
609,609,2019-07-14 4:00:00,ZEC,89.64,90.01,76.01,79.03,9516.65486
610,610,2019-07-13 4:00:00,ZEC,91.0,91.79,85.83,89.64,3759.789232
611,611,2019-07-12 4:00:00,ZEC,87.01,93.59,85.83,91.0,3444.50718
612,612,2019-07-11 4:00:00,ZEC,93.67,93.67,86.88,87.01,390.9005019
613,613,2019-07-10 4:00:00,ZEC,102.12,104.71,93.46,93.67,8561.222323
614,614,2019-07-09 4:00:00,ZEC,106.17,106.17,98.71,102.12,9889.133891
615,615,2019-07-08 4:00:00,ZEC,105.61,107.37,103.8,106.17,5010.044035
616,616,2019-07-07 4:00:00,ZEC,102.58,107.09,102.19,105.61,1756.65408
617,617,2019-07-06 4:00:00,ZEC,102.01,106.52,100.72,102.58,1677.582074
618,618,2019-07-05 4:00:00,ZEC,100.6,103.54,98.57,102.01,3224.29632
619,619,2019-07-04 4:00:00,ZEC,104.41,105.26,99.83,100.6,2735.118765
620,620,2019-07-03 4:00:00,ZEC,105.46,106.56,101.68,104.41,2966.482107
621,621,2019-07-02 4:00:00,ZEC,106.68,106.68,95.67,105.46,6056.62426
622,622,2019-07-01 4:00:00,ZEC,106.68,106.68,106.68,106.68,0.0
623,623,2019-06-30 4:00:00,ZEC,113.97,113.97,102.0,106.68,2159.528195
624,624,2019-06-29 4:00:00,ZEC,107.15,114.25,106.98,113.97,3070.365962
625,625,2019-06-28 4:00:00,ZEC,109.98,114.66,105.58,107.15,7961.205386
626,626,2019-06-27 4:00:00,ZEC,109.97,113.14,95.36,109.98,19236.18378
627,627,2019-06-26 4:00:00,ZEC,108.74,127.4,103.91,109.97,24378.84796
628,628,2019-06-25 4:00:00,ZEC,107.12,108.99,102.87,108.74,6042.71151
629,629,2019-06-24 4:00:00,ZEC,105.6,110.38,105.6,107.12,3433.552143
630,630,2019-06-23 4:00:00,ZEC,113.55,114.37,104.26,105.6,4302.948819
631,631,2019-06-22 4:00:00,ZEC,111.77,117.8,110.52,113.55,3317.036401
632,632,2019-06-21 4:00:00,ZEC,111.1,114.0,107.78,111.77,3873.391127
633,633,2019-06-20 4:00:00,ZEC,108.29,114.63,106.21,111.1,3606.134013
634,634,2019-06-19 4:00:00,ZEC,114.08,115.21,106.68,108.29,5511.648923
635,635,2019-06-18 4:00:00,ZEC,102.5,115.3,98.97,114.08,19806.60213
636,636,2019-06-17 4:00:00,ZEC,95.99,105.03,94.31,102.5,12472.86226
637,637,2019-06-16 4:00:00,ZEC,92.64,96.45,90.24,95.99,4346.545441
638,638,2019-06-15 4:00:00,ZEC,90.75,93.9,90.75,92.64,1799.859451
639,639,2019-06-14 4:00:00,ZEC,87.96,95.6,86.71,90.75,9363.265839
640,640,2019-06-13 4:00:00,ZEC,88.03,89.59,87.96,87.96,195.035714
641,641,2019-06-12 4:00:00,ZEC,80.84,92.45,80.59,88.03,13115.31998
642,642,2019-06-11 4:00:00,ZEC,79.65,82.0,77.28,80.84,2030.242122
643,643,2019-06-10 4:00:00,ZEC,78.34,81.75,77.85,79.65,3571.162921
644,644,2019-06-09 4:00:00,ZEC,79.18,80.9,75.65,78.34,1789.579537
645,645,2019-06-08 4:00:00,ZEC,83.32,84.56,78.91,79.18,1177.293564
646,646,2019-06-07 4:00:00,ZEC,80.89,84.94,79.82,83.32,4193.618834
647,647,2019-06-06 4:00:00,ZEC,81.03,81.12,76.61,80.89,1110.934014
648,648,2019-06-05 4:00:00,ZEC,78.9,81.32,76.93,81.03,3844.521823
649,649,2019-06-04 4:00:00,ZEC,82.13,83.12,74.54,78.9,5509.165022
650,650,2019-06-03 4:00:00,ZEC,87.78,88.08,79.8,82.13,9478.603609
651,651,2019-06-02 4:00:00,ZEC,86.24,89.83,86.0,87.78,1551.872002
652,652,2019-06-01 4:00:00,ZEC,91.49,91.58,84.18,86.24,2179.21998
653,653,2019-05-31 4:00:00,ZEC,85.89,91.99,85.89,91.49,90.44186898
654,654,2019-05-30 4:00:00,ZEC,86.24,97.59,79.54,85.89,23264.38936
655,655,2019-05-29 4:00:00,ZEC,82.28,88.36,79.17,86.24,6478.858047
656,656,2019-05-28 4:00:00,ZEC,78.5,88.9,78.5,82.28,11137.46927
657,657,2019-05-27 4:00:00,ZEC,75.71,78.5,75.0,78.5,1444.111534
658,658,2019-05-26 4:00:00,ZEC,71.74,78.08,70.71,75.71,3982.488081
659,659,2019-05-25 4:00:00,ZEC,72.8,74.33,71.61,71.74,1550.181401
660,660,2019-05-24 4:00:00,ZEC,71.7,75.0,71.7,72.8,2433.261594
661,661,2019-05-23 4:00:00,ZEC,70.3,72.6,67.8,71.7,3466.202662
662,662,2019-05-22 4:00:00,ZEC,75.01,75.1,69.18,70.3,2816.842498
663,663,2019-05-21 4:00:00,ZEC,74.92,77.09,74.04,75.01,2914.404001
664,664,2019-05-20 4:00:00,ZEC,76.29,78.61,72.55,74.92,7946.831148
665,665,2019-05-19 4:00:00,ZEC,76.54,79.23,74.46,76.29,5515.920627
666,666,2019-05-18 4:00:00,ZEC,73.75,76.54,71.39,76.54,2256.292918
667,667,2019-05-17 4:00:00,ZEC,70.88,74.4,66.12,73.75,5600.850582
668,668,2019-05-16 4:00:00,ZEC,79.55,79.7,64.99,70.88,19052.93839
669,669,2019-05-15 4:00:00,ZEC,69.64,82.26,69.43,79.55,13520.80964
670,670,2019-05-14 4:00:00,ZEC,65.6,69.64,64.37,69.64,6163.749564
671,671,2019-05-13 4:00:00,ZEC,61.13,66.73,61.13,65.6,5218.015908
672,672,2019-05-12 4:00:00,ZEC,62.2,65.32,58.88,61.13,4209.864186
673,673,2019-05-11 4:00:00,ZEC,57.56,66.52,57.04,62.2,6872.911662
674,674,2019-05-10 4:00:00,ZEC,56.48,58.01,56.48,57.56,163.833286
675,675,2019-05-09 4:00:00,ZEC,58.32,58.32,55.18,56.48,1297.949312
676,676,2019-05-08 4:00:00,ZEC,56.7,58.56,56.7,58.32,1732.204438
677,677,2019-05-07 4:00:00,ZEC,60.76,61.02,56.1,56.7,6287.932547
678,678,2019-05-06 4:00:00,ZEC,59.23,61.32,58.29,60.76,5308.238042
679,679,2019-05-05 4:00:00,ZEC,60.4,60.78,58.49,59.23,1791.336746
680,680,2019-05-04 4:00:00,ZEC,62.16,62.16,58.11,60.4,1019.095735
681,681,2019-05-03 4:00:00,ZEC,59.04,63.04,58.77,62.16,4179.884641
682,682,2019-05-02 4:00:00,ZEC,59.78,60.27,58.66,59.04,2083.272867
683,683,2019-05-01 4:00:00,ZEC,60.64,60.95,59.08,59.78,1200.223143
684,684,2019-04-30 4:00:00,ZEC,57.25,60.8,56.51,60.64,2393.038132
685,685,2019-04-29 4:00:00,ZEC,58.7,59.02,56.08,57.25,5214.931981
686,686,2019-04-28 4:00:00,ZEC,60.38,60.82,58.55,58.7,374.8689179
687,687,2019-04-27 4:00:00,ZEC,58.8,61.29,58.8,60.38,1283.931099
688,688,2019-04-26 4:00:00,ZEC,59.32,63.49,58.8,58.8,161.7569495
689,689,2019-04-25 4:00:00,ZEC,65.07,65.8,58.98,59.32,3871.29853
690,690,2019-04-24 4:00:00,ZEC,67.12,67.12,62.43,65.07,2090.35527
691,691,2019-04-23 4:00:00,ZEC,69.77,71.12,66.42,67.12,3560.187101
692,692,2019-04-22 4:00:00,ZEC,67.18,70.65,66.93,69.77,1428.625551
693,693,2019-04-21 4:00:00,ZEC,69.03,69.03,66.82,67.18,1025.877265
694,694,2019-04-20 4:00:00,ZEC,70.1,70.41,67.17,69.03,4591.471516
695,695,2019-04-19 4:00:00,ZEC,69.94,70.65,69.45,70.1,226.7762781
696,696,2019-04-18 4:00:00,ZEC,72.2,72.2,69.48,69.94,2768.4772
697,697,2019-04-17 4:00:00,ZEC,69.23,72.2,68.0,72.2,3545.527776
698,698,2019-04-16 4:00:00,ZEC,67.58,70.11,67.04,69.23,1167.006666
699,699,2019-04-15 4:00:00,ZEC,69.9,70.29,65.79,67.58,2020.79975
700,700,2019-04-14 4:00:00,ZEC,68.54,70.72,67.53,69.9,802.9244655
701,701,2019-04-13 4:00:00,ZEC,71.54,71.71,68.42,68.54,701.4811603
702,702,2019-04-12 4:00:00,ZEC,68.14,71.54,68.14,71.54,12.28966971
703,703,2019-04-11 4:00:00,ZEC,68.8,70.53,64.03,68.14,3343.659471
704,704,2019-04-10 4:00:00,ZEC,72.53,74.61,67.81,68.8,4260.472001
705,705,2019-04-09 4:00:00,ZEC,70.59,73.01,69.76,72.53,1047.696972
706,706,2019-04-08 4:00:00,ZEC,73.5,74.88,70.59,70.59,3579.596051
707,707,2019-04-07 4:00:00,ZEC,71.26,76.76,70.76,73.5,6411.608023
708,708,2019-04-06 4:00:00,ZEC,71.26,73.32,68.75,71.26,3126.851259
709,709,2019-04-05 4:00:00,ZEC,67.58,72.81,67.58,71.26,9079.283101
710,710,2019-04-04 4:00:00,ZEC,68.5,71.18,64.85,67.58,4216.438634
711,711,2019-04-03 4:00:00,ZEC,73.51,77.99,66.7,68.5,21303.30655
712,712,2019-04-02 4:00:00,ZEC,60.46,75.0,60.46,73.51,20261.3203
713,713,2019-04-01 4:00:00,ZEC,60.69,63.49,60.16,60.46,6601.008696
714,714,2019-03-31 4:00:00,ZEC,57.29,61.2,57.29,60.69,5094.185583
715,715,2019-03-30 4:00:00,ZEC,56.16,57.35,55.32,57.29,1277.80584
716,716,2019-03-29 4:00:00,ZEC,55.73,57.56,55.73,56.16,267.9320923
717,717,2019-03-28 4:00:00,ZEC,55.93,56.65,55.0,55.73,1471.832284
718,718,2019-03-27 4:00:00,ZEC,55.02,57.0,54.68,55.93,2132.008755
719,719,2019-03-26 4:00:00,ZEC,54.77,55.29,52.44,55.02,2924.833827
720,720,2019-03-25 4:00:00,ZEC,56.6,56.6,53.8322462,54.77,3367.442812
721,721,2019-03-24 4:00:00,ZEC,57.24,57.78,56.07,56.6,846.1623003
722,722,2019-03-23 4:00:00,ZEC,55.46,57.8,54.91,57.24,1606.588992
723,723,2019-03-22 4:00:00,ZEC,54.59,55.82,54.59,55.46,268.3598719
724,724,2019-03-21 4:00:00,ZEC,57.35,58.2,54.01,54.59,5428.659937
725,725,2019-03-20 4:00:00,ZEC,55.14,61.56,55.12,57.35,8851.495653
726,726,2019-03-19 4:00:00,ZEC,53.82,56.69,53.82,55.14,4657.393707
727,727,2019-03-18 4:00:00,ZEC,54.32,54.32,52.61,53.82,1580.732358
728,728,2019-03-17 4:00:00,ZEC,53.16,54.5,52.6,54.32,1176.10318
729,729,2019-03-16 4:00:00,ZEC,53.7,54.8,53.0,53.16,3662.165483
730,730,2019-03-15 4:00:00,ZEC,52.11,53.8,52.0,53.7,3602.573837
731,731,2019-03-14 4:00:00,ZEC,50.6,52.66,49.99,52.11,4762.274854
732,732,2019-03-13 4:00:00,ZEC,52.11,52.39,50.42,50.6,490.6507836
733,733,2019-03-12 4:00:00,ZEC,48.34,52.86,48.01,52.11,6507.689448
734,734,2019-03-11 4:00:00,ZEC,50.09,50.09,48.31,48.34,3111.923979
735,735,2019-03-10 4:00:00,ZEC,50.75,50.75,49.15,50.09,207.3051731
736,736,2019-03-09 4:00:00,ZEC,49.11,51.98,48.92,50.75,1560.398213
737,737,2019-03-08 4:00:00,ZEC,49.73,50.3,47.48,49.11,3825.942206
738,738,2019-03-07 4:00:00,ZEC,50.09,50.33,49.52,49.73,1732.710173
739,739,2019-03-06 4:00:00,ZEC,49.4,50.5,49.15,50.09,1390.199188
740,740,2019-03-05 4:00:00,ZEC,48.11,50.89,47.69,49.4,3240.074425
741,741,2019-03-04 4:00:00,ZEC,49.65,49.84,47.74,48.11,6395.680049
742,742,2019-03-03 4:00:00,ZEC,51.12,51.25,49.65,49.65,1692.542747
743,743,2019-03-02 4:00:00,ZEC,51.74,51.9,50.0,51.12,913.6443279
744,744,2019-03-01 4:00:00,ZEC,51.09,51.74,51.09,51.74,0.01923
745,745,2019-02-28 4:00:00,ZEC,50.9,51.98,50.24,51.09,1137.726132
746,746,2019-02-27 4:00:00,ZEC,52.09,52.53,49.52,50.9,4506.961437
747,747,2019-02-26 4:00:00,ZEC,51.84,53.95,51.04,52.09,2044.863791
748,748,2019-02-25 4:00:00,ZEC,51.66,52.72,50.75,51.84,1075.713211
749,749,2019-02-24 4:00:00,ZEC,57.64,58.44,49.29,51.66,3831.073925
750,750,2019-02-23 4:00:00,ZEC,53.43,57.96,52.27,57.64,1579.494229
751,751,2019-02-22 4:00:00,ZEC,53.53,54.95,52.2,53.43,1287.585377
752,752,2019-02-21 4:00:00,ZEC,53.81,54.88,52.21,53.53,2210.556864
753,753,2019-02-20 4:00:00,ZEC,53.38,55.0,51.98,53.81,3388.623689
754,754,2019-02-19 4:00:00,ZEC,54.02,56.15,52.95,53.38,3072.964622
755,755,2019-02-18 4:00:00,ZEC,52.26,54.9,51.51,54.02,2754.786664
756,756,2019-02-17 4:00:00,ZEC,50.21,52.43,50.0,52.26,1926.142096
757,757,2019-02-16 4:00:00,ZEC,50.01,51.46,49.97,50.21,1797.120121
758,758,2019-02-15 4:00:00,ZEC,50.85,50.85,50.0,50.01,18.188646
759,759,2019-02-14 4:00:00,ZEC,52.62,52.62,50.81,50.85,1057.83136
760,760,2019-02-13 4:00:00,ZEC,53.62,55.0,51.94,52.62,4649.338417
761,761,2019-02-12 4:00:00,ZEC,50.5,53.86,50.5,53.62,4847.556361
762,762,2019-02-11 4:00:00,ZEC,48.59,51.12,48.5,50.5,2081.834216
763,763,2019-02-10 4:00:00,ZEC,49.48,50.14,48.38,48.59,2032.918413
764,764,2019-02-09 4:00:00,ZEC,49.4,50.53,48.79,49.48,1171.408622
765,765,2019-02-08 4:00:00,ZEC,46.1,52.3,45.89,49.4,16526.51627
766,766,2019-02-07 4:00:00,ZEC,46.15,46.95,45.44,46.1,1848.112602
767,767,2019-02-06 4:00:00,ZEC,45.8,46.29,45.16,46.15,2756.809464
768,768,2019-02-05 4:00:00,ZEC,47.7,47.82,45.0,45.8,8599.947084
769,769,2019-02-04 4:00:00,ZEC,47.35,47.85,47.35,47.7,1529.5711
770,770,2019-02-03 4:00:00,ZEC,48.87,48.87,47.35,47.35,898.1073223
771,771,2019-02-02 4:00:00,ZEC,48.32,49.12,47.73,48.87,2127.114184
772,772,2019-02-01 4:00:00,ZEC,47.85,48.32,47.85,48.32,0.273666
773,773,2019-01-31 4:00:00,ZEC,49.32,49.49,47.64,47.85,1427.711742
774,774,2019-01-30 4:00:00,ZEC,48.45,49.93,48.45,49.32,902.4275197
775,775,2019-01-29 4:00:00,ZEC,47.97,48.81,47.1,48.45,1208.779686
776,776,2019-01-28 4:00:00,ZEC,49.57,50.31,47.49,47.97,5738.577595
777,777,2019-01-27 4:00:00,ZEC,51.55,51.68,49.57,49.57,1553.764227
778,778,2019-01-26 4:00:00,ZEC,52.12,53.0,51.27,51.55,302.0289017
779,779,2019-01-25 4:00:00,ZEC,53.25,53.25,51.69,52.12,881.9220096
780,780,2019-01-24 4:00:00,ZEC,51.6,53.33,51.6,53.25,2595.669837
781,781,2019-01-23 4:00:00,ZEC,52.47,52.71,51.34,51.6,3119.081917
782,782,2019-01-22 4:00:00,ZEC,51.59,53.61,49.97,52.47,3903.701087
783,783,2019-01-21 4:00:00,ZEC,52.35,52.37,51.09,51.59,1782.986962
784,784,2019-01-20 4:00:00,ZEC,53.92,53.92,51.03,52.35,983.7727139
785,785,2019-01-19 4:00:00,ZEC,53.2,54.43,52.61,53.92,906.6458253
786,786,2019-01-18 4:00:00,ZEC,53.53,53.53,52.49,53.2,43.73017011
787,787,2019-01-17 4:00:00,ZEC,52.48,54.1,52.36,53.53,5696.014365
788,788,2019-01-16 4:00:00,ZEC,53.3,54.48,52.22,52.48,4142.109814
789,789,2019-01-15 4:00:00,ZEC,54.9,55.08,52.57,53.3,4027.985219
790,790,2019-01-14 4:00:00,ZEC,52.93,56.88,52.78,54.9,3268.911156
791,791,2019-01-13 4:00:00,ZEC,56.06,56.28,52.02,52.93,1126.664204
792,792,2019-01-12 4:00:00,ZEC,54.96,56.55,54.4,56.06,327.3778232
793,793,2019-01-11 4:00:00,ZEC,57.9,58.71,54.44,54.96,10729.66704
794,794,2019-01-10 4:00:00,ZEC,60.22,60.32,52.02,57.9,13700.57796
795,795,2019-01-09 4:00:00,ZEC,60.82,61.65,59.1,60.22,2628.462144
796,796,2019-01-08 4:00:00,ZEC,59.63,62.09,58.82,60.82,8532.722004
797,797,2019-01-07 4:00:00,ZEC,60.98,61.19,59.26,59.63,2237.434275
798,798,2019-01-06 4:00:00,ZEC,57.6,62.8,56.0,60.98,7687.367309
799,799,2019-01-05 4:00:00,ZEC,59.11,59.86,56.32,57.6,2025.346901
800,800,2019-01-04 4:00:00,ZEC,57.54,59.52,57.54,59.11,79.319834
801,801,2019-01-03 4:00:00,ZEC,59.81,60.21,56.65,57.54,2443.3045
802,802,2019-01-02 4:00:00,ZEC,57.79,61.82,57.22,59.81,3194.633136
803,803,2019-01-01 4:00:00,ZEC,54.8,59.5,54.06,57.79,10520.04252
804,804,2018-12-31 4:00:00,ZEC,58.22,58.67,53.53,54.8,8053.553404
805,805,2018-12-30 4:00:00,ZEC,59.0,60.73,57.75,58.22,2293.080556
806,806,2018-12-29 4:00:00,ZEC,62.0,63.06,58.0,59.0,2645.452231
807,807,2018-12-28 4:00:00,ZEC,55.18,63.1,54.74,62.0,8010.344304
808,808,2018-12-27 4:00:00,ZEC,59.52,59.63,54.64,55.18,2500.079908
809,809,2018-12-26 4:00:00,ZEC,61.89,62.27,57.87,59.52,1727.935352
810,810,2018-12-25 4:00:00,ZEC,60.47,62.44,58.85,61.89,2783.73348
811,811,2018-12-24 4:00:00,ZEC,68.45,71.4,59.85,60.47,3606.053987
812,812,2018-12-23 4:00:00,ZEC,65.55,68.88,63.08,68.45,2685.479557
813,813,2018-12-22 4:00:00,ZEC,60.18,65.55,59.16,65.55,2010.999593
814,814,2018-12-21 4:00:00,ZEC,62.21,65.34,59.13,60.18,3362.719168
815,815,2018-12-20 4:00:00,ZEC,56.84,65.78,56.04,62.21,8190.821686
816,816,2018-12-19 4:00:00,ZEC,59.25,61.41,55.56,56.84,5206.588258
817,817,2018-12-18 4:00:00,ZEC,55.72,59.95,53.39,59.25,5090.56627
818,818,2018-12-17 4:00:00,ZEC,50.85,57.03,50.52,55.72,6646.190985
819,819,2018-12-16 4:00:00,ZEC,50.96,52.6,49.52,50.85,3320.121629
820,820,2018-12-15 4:00:00,ZEC,48.64,51.2,47.65,50.96,1690.733194
821,821,2018-12-14 4:00:00,ZEC,50.64,51.06,47.74,48.64,5969.256129
822,822,2018-12-13 4:00:00,ZEC,53.4,53.54,49.57,50.64,10040.07077
823,823,2018-12-12 4:00:00,ZEC,52.98,56.93,52.75,53.4,7656.25693
824,824,2018-12-11 4:00:00,ZEC,54.92,55.5,51.77,52.98,5705.365708
825,825,2018-12-10 4:00:00,ZEC,59.17,59.17,54.03,54.92,3891.74049
826,826,2018-12-09 4:00:00,ZEC,56.45,60.22,56.45,59.17,1068.622346
827,827,2018-12-08 4:00:00,ZEC,53.13,59.1,52.73,56.45,4999.744669
828,828,2018-12-07 4:00:00,ZEC,53.13,53.13,53.13,53.13,0.0
829,829,2018-12-06 4:00:00,ZEC,64.87,67.72,52.51,53.13,30013.42577
830,830,2018-12-05 4:00:00,ZEC,72.4,73.24,64.4,64.87,20285.44856
831,831,2018-12-04 4:00:00,ZEC,70.05,78.0,68.53,72.4,5789.026134
832,832,2018-12-03 4:00:00,ZEC,76.76,77.32,67.88,70.05,6875.574365
833,833,2018-12-02 4:00:00,ZEC,79.54,80.24,74.73,76.76,2704.368305
834,834,2018-12-01 4:00:00,ZEC,78.89,82.2,78.0,79.54,1248.412072
835,835,2018-11-30 4:00:00,ZEC,87.51,88.47,75.56,78.89,8255.226028
836,836,2018-11-29 4:00:00,ZEC,79.06,97.0,78.1,87.51,20999.81204
837,837,2018-11-28 4:00:00,ZEC,74.24,83.62,72.8,79.06,19454.79928
838,838,2018-11-27 4:00:00,ZEC,64.2,78.3,62.01,74.24,27229.16959
839,839,2018-11-26 4:00:00,ZEC,68.98,72.53,61.0,64.2,9327.928456
840,840,2018-11-25 4:00:00,ZEC,60.03,72.69,58.75,68.98,12701.92523
841,841,2018-11-24 4:00:00,ZEC,77.11,77.54,60.0,60.03,7934.692771
842,842,2018-11-23 4:00:00,ZEC,74.54,81.24,73.75,77.11,5149.550334
843,843,2018-11-22 4:00:00,ZEC,83.16,84.13,73.78,74.54,6160.652479
844,844,2018-11-21 4:00:00,ZEC,82.98,87.78,80.0,83.16,4892.35211
845,845,2018-11-20 4:00:00,ZEC,97.21,97.21,77.17,82.98,27904.39187
846,846,2018-11-19 4:00:00,ZEC,112.32,112.32,93.5,97.21,19702.70803
847,847,2018-11-18 4:00:00,ZEC,110.46,115.23,108.37,112.32,4930.421391
848,848,2018-11-17 4:00:00,ZEC,105.08,111.6,103.91,110.46,514.5275513
849,849,2018-11-16 4:00:00,ZEC,110.18,110.18,104.6,105.08,50.832546
850,850,2018-11-15 4:00:00,ZEC,106.0,110.46,97.3,110.18,9783.118721
851,851,2018-11-14 4:00:00,ZEC,126.46,126.94,100.45,106.0,21922.81258
852,852,2018-11-13 4:00:00,ZEC,131.65,134.27,125.0,126.46,5757.411506
853,853,2018-11-12 4:00:00,ZEC,126.97,136.37,123.1,131.65,6685.848126
854,854,2018-11-11 4:00:00,ZEC,130.09,130.8,126.37,126.97,998.8914717
855,855,2018-11-10 4:00:00,ZEC,131.25,136.99,127.01,130.09,560.0003023
856,856,2018-11-09 4:00:00,ZEC,134.5,134.92,131.12,131.25,3.240706
857,857,2018-11-08 4:00:00,ZEC,128.0,139.23,126.86,134.5,12708.97893
858,858,2018-11-07 4:00:00,ZEC,131.95,131.95,125.01,128.0,9751.403753
859,859,2018-11-06 4:00:00,ZEC,121.25,132.28,121.25,131.95,8528.774222
860,860,2018-11-05 4:00:00,ZEC,119.33,123.89,117.8,121.25,6787.760528
861,861,2018-11-04 4:00:00,ZEC,116.11,121.69,115.94,119.33,1445.819925
862,862,2018-11-03 4:00:00,ZEC,117.23,117.23,115.22,116.11,537.2784566
863,863,2018-11-02 4:00:00,ZEC,116.19,119.4,115.2,117.23,3439.810582
864,864,2018-11-01 4:00:00,ZEC,114.97,116.5,114.01,116.19,2908.171121
865,865,2018-10-31 4:00:00,ZEC,114.35,116.26,112.74,114.97,4036.457936
866,866,2018-10-30 4:00:00,ZEC,114.85,115.15,113.63,114.35,5764.778789
867,867,2018-10-29 4:00:00,ZEC,121.86,122.44,112.0,114.85,3244.105087
868,868,2018-10-28 4:00:00,ZEC,119.02,122.26,118.72,121.86,551.0057554
869,869,2018-10-27 4:00:00,ZEC,121.01,121.01,117.5,119.02,1078.423917
870,870,2018-10-26 4:00:00,ZEC,122.6,122.6,116.01,121.01,5282.084738
871,871,2018-10-25 4:00:00,ZEC,125.69,126.52,122.3,122.6,5017.981341
872,872,2018-10-24 4:00:00,ZEC,119.42,127.76,119.13,125.69,4267.552262
873,873,2018-10-23 4:00:00,ZEC,120.5,121.45,118.0,119.42,1931.469324
874,874,2018-10-22 4:00:00,ZEC,122.81,123.15,119.61,120.5,1482.104036
875,875,2018-10-21 4:00:00,ZEC,123.48,124.62,121.46,122.81,1802.205681
876,876,2018-10-20 4:00:00,ZEC,115.1,115.1,115.1,115.1,0.0
877,877,2018-10-19 4:00:00,ZEC,115.1,115.1,115.1,115.1,0.0
878,878,2018-10-18 4:00:00,ZEC,117.74,120.48,115.1,115.1,2072.30775
879,879,2018-10-17 4:00:00,ZEC,111.73,119.3,111.19,117.74,5485.132586
880,880,2018-10-16 4:00:00,ZEC,109.37,113.36,108.7,111.73,1787.262665
881,881,2018-10-15 4:00:00,ZEC,106.03,118.09,105.37,109.37,20196.36626
882,882,2018-10-14 4:00:00,ZEC,109.33,110.46,105.78,106.03,1042.926466
883,883,2018-10-13 4:00:00,ZEC,107.95,109.41,107.27,109.41,196.695697
884,884,2018-10-12 4:00:00,ZEC,107.95,107.95,107.95,107.95,0.0
885,885,2018-10-11 4:00:00,ZEC,114.59,114.59,106.99,107.95,4509.069005
886,886,2018-10-10 4:00:00,ZEC,123.79,124.8,112.41,114.59,4118.57202
887,887,2018-10-09 4:00:00,ZEC,127.0,127.97,123.79,123.79,2448.419572
888,888,2018-10-08 4:00:00,ZEC,124.22,128.81,123.28,127.0,3057.928854
889,889,2018-10-07 4:00:00,ZEC,124.63,125.02,122.95,124.22,192.9193537
890,890,2018-10-06 4:00:00,ZEC,125.8,126.6,123.53,124.63,390.2744296
891,891,2018-10-05 4:00:00,ZEC,125.0,126.43,125.0,125.8,122.409
892,892,2018-10-04 4:00:00,ZEC,123.34,125.01,121.81,125.0,1200.156788
893,893,2018-10-03 4:00:00,ZEC,121.03,123.76,120.2,123.34,3463.412717
894,894,2018-10-02 4:00:00,ZEC,126.61,126.84,120.3,121.03,3250.681529
895,895,2018-10-01 4:00:00,ZEC,132.66,132.66,125.75,126.61,1307.440769
896,896,2018-09-30 4:00:00,ZEC,131.51,133.46,127.5,132.66,560.0180355
897,897,2018-09-29 4:00:00,ZEC,134.21,135.48,130.36,131.51,713.2683431
898,898,2018-09-28 4:00:00,ZEC,141.89,141.89,141.89,141.89,0.0
899,899,2018-09-27 4:00:00,ZEC,135.84,144.77,133.13,141.89,4236.968362
900,900,2018-09-26 4:00:00,ZEC,128.9,143.77,128.42,135.84,6517.360597
901,901,2018-09-25 4:00:00,ZEC,133.8,137.91,125.98,128.9,5384.713683
902,902,2018-09-24 4:00:00,ZEC,133.06,147.06,124.98,133.8,10873.05166
903,903,2018-09-23 4:00:00,ZEC,127.96,135.01,126.61,133.06,2156.663589
904,904,2018-09-22 4:00:00,ZEC,125.25,127.96,120.0,127.96,774.136985
905,905,2018-09-21 4:00:00,ZEC,120.2,128.93,119.0,125.25,4545.888212
906,906,2018-09-20 4:00:00,ZEC,113.98,121.15,112.21,120.2,1736.276418
907,907,2018-09-19 4:00:00,ZEC,113.17,115.99,109.5,113.98,2184.596747
908,908,2018-09-18 4:00:00,ZEC,106.98,113.63,106.07,113.17,2297.738276
909,909,2018-09-17 4:00:00,ZEC,118.39,118.39,106.09,106.98,2135.639918
910,910,2018-09-16 4:00:00,ZEC,118.03,120.33,116.05,118.39,871.4205162
911,911,2018-09-15 4:00:00,ZEC,120.37,120.37,118.58,118.58,101.983237
912,912,2018-09-14 4:00:00,ZEC,120.37,120.37,120.37,120.37,0.0
913,913,2018-09-13 4:00:00,ZEC,114.0,123.97,111.39,120.37,6179.878324
914,914,2018-09-12 4:00:00,ZEC,105.85,114.88,100.02,114.0,4769.256255
915,915,2018-09-11 4:00:00,ZEC,118.37,118.37,105.85,105.85,2589.638048
916,916,2018-09-10 4:00:00,ZEC,121.16,121.24,115.8,118.37,1232.317838
917,917,2018-09-09 4:00:00,ZEC,117.4,117.4,117.4,117.4,0.0
918,918,2018-09-08 4:00:00,ZEC,126.86,133.86,115.01,117.4,1218.041243
919,919,2018-09-07 4:00:00,ZEC,132.63,132.63,125.0,126.86,1330.651623
920,920,2018-09-06 4:00:00,ZEC,127.1,133.38,124.8,132.63,2318.184922
921,921,2018-09-05 4:00:00,ZEC,157.88,158.08,120.67,127.1,4824.244211
922,922,2018-09-04 4:00:00,ZEC,156.22,159.83,154.85,157.88,1223.901274
923,923,2018-09-03 4:00:00,ZEC,152.28,161.12,149.6,156.22,1016.499777
924,924,2018-09-02 4:00:00,ZEC,155.48,157.52,151.0,152.28,658.1023567
925,925,2018-09-01 4:00:00,ZEC,151.84,160.0,150.81,155.48,922.2120791
926,926,2018-08-31 4:00:00,ZEC,147.08,153.1,141.84,151.84,2839.701667
927,927,2018-08-30 4:00:00,ZEC,149.61,152.01,144.73,147.08,3594.233985
928,928,2018-08-29 4:00:00,ZEC,151.71,155.15,148.0,149.61,1615.241971
929,929,2018-08-28 4:00:00,ZEC,148.61,156.7,147.6,151.71,3547.108089
930,930,2018-08-27 4:00:00,ZEC,134.41,156.89,134.41,148.61,12136.33234
931,931,2018-08-26 4:00:00,ZEC,135.46,136.64,133.26,134.41,656.2549869
932,932,2018-08-25 4:00:00,ZEC,138.86,140.52,135.0,135.46,630.2385337
933,933,2018-08-24 4:00:00,ZEC,130.58,144.0,129.93,138.86,2383.502817
934,934,2018-08-23 4:00:00,ZEC,128.34,133.55,127.35,130.58,2225.004082
935,935,2018-08-22 4:00:00,ZEC,139.92,140.27,124.0,128.34,4392.618098
936,936,2018-08-21 4:00:00,ZEC,128.0,145.58,128.0,139.92,3543.555423
937,937,2018-08-20 4:00:00,ZEC,142.77,142.77,128.0,128.0,2586.970714
938,938,2018-08-19 4:00:00,ZEC,139.7,146.69,139.66,142.77,453.754109
939,939,2018-08-18 4:00:00,ZEC,149.68,149.68,139.01,139.7,556.9815206
940,940,2018-08-17 4:00:00,ZEC,142.79,154.38,141.74,149.68,4340.399449
941,941,2018-08-16 4:00:00,ZEC,135.93,143.04,135.38,142.79,4201.088937
942,942,2018-08-15 4:00:00,ZEC,140.22,145.0,134.74,135.93,5595.459267
943,943,2018-08-14 4:00:00,ZEC,131.0,142.49,124.3,140.22,10123.13431
944,944,2018-08-13 4:00:00,ZEC,157.62,162.61,120.59,131.0,6656.052449
945,945,2018-08-12 4:00:00,ZEC,159.45,162.93,156.0,157.62,661.880023
946,946,2018-08-11 4:00:00,ZEC,171.6,171.6,158.5,158.5,3.734
947,947,2018-08-10 4:00:00,ZEC,171.6,171.6,171.6,171.6,0.0
948,948,2018-08-09 4:00:00,ZEC,162.78,177.04,157.21,171.6,3667.795614
949,949,2018-08-08 4:00:00,ZEC,171.45,172.62,156.73,162.78,9877.030276
950,950,2018-08-07 4:00:00,ZEC,181.71,191.71,171.2,171.45,9362.917677
951,951,2018-08-06 4:00:00,ZEC,183.44,186.25,175.1,181.71,12513.17445
952,952,2018-08-05 4:00:00,ZEC,174.99,186.0,174.99,183.44,2912.186343
953,953,2018-08-04 4:00:00,ZEC,188.04,189.99,171.45,174.99,1214.744435
954,954,2018-08-03 4:00:00,ZEC,198.42,198.42,198.42,198.42,0.0
955,955,2018-08-02 4:00:00,ZEC,198.42,198.42,198.42,198.42,0.0
956,956,2018-08-01 4:00:00,ZEC,201.11,206.3,193.31,198.42,1552.8369
957,957,2018-07-31 4:00:00,ZEC,211.74,212.33,196.0,201.11,5199.283092
958,958,2018-07-30 4:00:00,ZEC,215.87,219.93,201.1,211.74,2552.779854
959,959,2018-07-29 4:00:00,ZEC,223.5,223.5,214.34,215.87,1874.554495
960,960,2018-07-28 4:00:00,ZEC,218.03,223.59,218.03,222.0,9.0728
961,961,2018-07-27 4:00:00,ZEC,218.03,218.03,218.03,218.03,0.0
962,962,2018-07-26 4:00:00,ZEC,223.87,228.76,216.0,218.03,5004.946255
963,963,2018-07-25 4:00:00,ZEC,218.37,228.75,210.22,223.87,3494.920236
964,964,2018-07-24 4:00:00,ZEC,191.19,225.81,190.77,218.37,6853.925234
965,965,2018-07-23 4:00:00,ZEC,194.61,207.9,188.33,191.19,4174.843851
966,966,2018-07-22 4:00:00,ZEC,188.08,199.99,180.92,194.61,1440.855883
967,967,2018-07-21 4:00:00,ZEC,183.13,193.91,180.86,188.08,550.3465065
968,968,2018-07-20 4:00:00,ZEC,197.03,198.45,176.58,183.13,3799.312254
969,969,2018-07-19 4:00:00,ZEC,207.74,214.19,196.12,197.03,1474.125303
970,970,2018-07-18 4:00:00,ZEC,223.09,224.73,200.01,207.74,3327.433014
971,971,2018-07-17 4:00:00,ZEC,185.35,228.0,181.05,223.09,11775.01905
972,972,2018-07-16 4:00:00,ZEC,173.77,190.0,171.0,185.35,3470.720986
973,973,2018-07-15 4:00:00,ZEC,173.16,178.8,173.09,173.77,912.8772264
974,974,2018-07-14 4:00:00,ZEC,155.23,177.37,155.23,170.76,200.2750712
975,975,2018-07-13 4:00:00,ZEC,155.23,155.23,155.23,155.23,0.0
976,976,2018-07-12 4:00:00,ZEC,156.5,156.5,150.0,155.23,601.4475572
977,977,2018-07-11 4:00:00,ZEC,159.4,160.88,155.0,156.5,2538.785115
978,978,2018-07-10 4:00:00,ZEC,166.47,166.62,156.1,159.4,1812.995202
979,979,2018-07-09 4:00:00,ZEC,173.28,173.28,166.0,166.47,855.8831854
980,980,2018-07-08 4:00:00,ZEC,174.12,177.04,172.24,173.28,319.0059365
981,981,2018-07-07 4:00:00,ZEC,173.95,176.08,168.8,174.12,959.6233128
982,982,2018-07-06 4:00:00,ZEC,177.4,177.4,177.4,177.4,0.0
983,983,2018-07-05 4:00:00,ZEC,183.12,183.71,172.49,177.4,769.4769669
984,984,2018-07-04 4:00:00,ZEC,176.49,187.0,176.21,183.12,696.9954745
985,985,2018-07-03 4:00:00,ZEC,192.0,193.59,175.0,176.49,1331.930709
986,986,2018-07-02 4:00:00,ZEC,169.0,196.67,165.1,192.0,3496.086856
987,987,2018-07-01 4:00:00,ZEC,169.9,173.0,167.79,169.0,332.2990678
988,988,2018-06-30 4:00:00,ZEC,167.21,176.0,167.21,169.9,983.5034244
989,989,2018-06-29 4:00:00,ZEC,153.36,172.37,150.53,167.21,1676.804082
990,990,2018-06-28 4:00:00,ZEC,161.17,164.64,152.32,153.36,1589.996066
991,991,2018-06-27 4:00:00,ZEC,160.01,169.17,157.19,161.17,1110.109555
992,992,2018-06-26 4:00:00,ZEC,175.68,177.38,158.62,160.01,2172.821395
993,993,2018-06-25 4:00:00,ZEC,165.31,180.65,163.75,175.68,2438.92639
994,994,2018-06-24 4:00:00,ZEC,167.0,167.92,153.52,165.31,1773.178399
995,995,2018-06-23 4:00:00,ZEC,166.93,181.72,165.28,167.0,884.4361863
996,996,2018-06-22 4:00:00,ZEC,185.95,186.0,161.34,166.93,1794.500512
997,997,2018-06-21 4:00:00,ZEC,197.66,197.66,197.66,197.66,0.0
998,998,2018-06-20 4:00:00,ZEC,192.76,197.66,190.01,197.66,1874.096823
999,999,2018-06-19 4:00:00,ZEC,194.48,200.0,192.76,192.76,2329.053096
1000,1000,2018-06-18 4:00:00,ZEC,183.02,205.0,182.25,194.48,1255.517288
1001,1001,2018-06-17 4:00:00,ZEC,191.2,191.2,183.02,183.02,456.2931755
1002,1002,2018-06-16 4:00:00,ZEC,189.25,192.15,185.69,191.2,210.6334344
1003,1003,2018-06-15 4:00:00,ZEC,193.31,201.02,189.25,189.25,1446.504896
1004,1004,2018-06-14 4:00:00,ZEC,191.8,202.18,187.93,193.31,2096.477527
1005,1005,2018-06-13 4:00:00,ZEC,195.43,197.78,174.02,191.8,3874.615791
1006,1006,2018-06-12 4:00:00,ZEC,205.79,212.0,189.91,195.43,2515.45331
1007,1007,2018-06-11 4:00:00,ZEC,201.45,207.39,193.06,205.79,2802.606382
1008,1008,2018-06-10 4:00:00,ZEC,218.0,226.31,198.0,201.45,2603.705759
1009,1009,2018-06-09 4:00:00,ZEC,238.41,239.6,218.0,218.0,901.0836288
1010,1010,2018-06-08 4:00:00,ZEC,237.23,241.12,230.65,238.41,1197.248887
1011,1011,2018-06-07 4:00:00,ZEC,238.99,239.84,232.3,237.23,1435.1113
1012,1012,2018-06-06 4:00:00,ZEC,238.22,241.0,226.96,238.99,2055.70423
1013,1013,2018-06-05 4:00:00,ZEC,231.36,241.02,227.0,238.22,2159.429192
1014,1014,2018-06-04 4:00:00,ZEC,248.73,249.66,230.25,231.36,1735.558859
1015,1015,2018-06-03 4:00:00,ZEC,249.74,259.14,248.24,248.73,868.5131722
1016,1016,2018-06-02 4:00:00,ZEC,240.44,258.0,239.89,249.74,785.711121
1017,1017,2018-06-01 4:00:00,ZEC,238.49,241.25,234.03,240.44,709.9789441
1018,1018,2018-05-31 4:00:00,ZEC,239.5,248.18,237.58,238.49,1166.799888
1019,1019,2018-05-30 4:00:00,ZEC,252.53,254.99,234.13,239.5,1476.660483
1020,1020,2018-05-29 4:00:00,ZEC,230.04,261.56,219.0,252.53,2918.068007
1021,1021,2018-05-28 4:00:00,ZEC,260.12,261.0,219.13,230.04,2971.087163
1022,1022,2018-05-27 4:00:00,ZEC,264.62,265.85,258.01,260.12,874.6757355
1023,1023,2018-05-26 4:00:00,ZEC,276.49,284.99,263.51,264.62,850.4128685
1024,1024,2018-05-25 4:00:00,ZEC,294.41,298.43,274.25,276.49,802.2994122
1025,1025,2018-05-24 4:00:00,ZEC,290.63,300.13,268.12,294.41,3500.054802
1026,1026,2018-05-23 4:00:00,ZEC,325.93,331.97,275.01,290.63,3687.600876
1027,1027,2018-05-22 4:00:00,ZEC,0.0,351.99,0.0,325.93,6170.70682
